-- phpMyAdmin SQL Dump
-- version 2.11.6
-- http://www.phpmyadmin.net
--
-- Host: localhost
-- Generation Time: Apr 01, 2012 at 05:50 PM
-- Server version: 5.0.51
-- PHP Version: 5.2.6

SET SQL_MODE="NO_AUTO_VALUE_ON_ZERO";


/*!40101 SET @OLD_CHARACTER_SET_CLIENT=@@CHARACTER_SET_CLIENT */;
/*!40101 SET @OLD_CHARACTER_SET_RESULTS=@@CHARACTER_SET_RESULTS */;
/*!40101 SET @OLD_COLLATION_CONNECTION=@@COLLATION_CONNECTION */;
/*!40101 SET NAMES utf8 */;

--
-- Database: `medical_prod`
--

-- --------------------------------------------------------

--
-- Table structure for table `city`
--

CREATE TABLE `city` (
  `id` int(11) NOT NULL auto_increment,
  `state_id` int(11) NOT NULL,
  `name` varchar(40) NOT NULL,
  `created_at` timestamp NOT NULL default CURRENT_TIMESTAMP,
  `updated_at` datetime NOT NULL,
  PRIMARY KEY  (`id`)
) ENGINE=MyISAM  DEFAULT CHARSET=latin1 AUTO_INCREMENT=71 ;

--
-- Dumping data for table `city`
--

INSERT INTO `city` (`id`, `state_id`, `name`, `created_at`, `updated_at`) VALUES
(27, 26, 'Mumbai', '2012-03-14 23:03:52', '0000-00-00 00:00:00'),
(26, 22, 'Mohali', '2012-03-14 23:03:10', '0000-00-00 00:00:00'),
(25, 25, 'Jaipur', '2012-03-14 23:02:16', '0000-00-00 00:00:00'),
(24, 24, 'Faridabad', '2012-03-14 23:02:07', '0000-00-00 00:00:00'),
(23, 23, 'Chennai', '2012-03-14 23:01:41', '0000-00-00 00:00:00'),
(22, 22, 'Amritsar', '2012-03-14 23:01:19', '0000-00-00 00:00:00'),
(21, 21, 'Delhi', '2012-03-14 23:00:21', '0000-00-00 00:00:00'),
(28, 27, 'Bangalore', '2012-03-15 17:11:59', '0000-00-00 00:00:00'),
(29, 28, 'Noida', '2012-03-15 17:12:22', '0000-00-00 00:00:00'),
(30, 29, 'Raipur', '2012-03-15 17:12:49', '0000-00-00 00:00:00'),
(31, 30, 'Kolkata', '2012-03-15 21:45:12', '0000-00-00 00:00:00'),
(32, 31, 'Gandhinagar', '2012-03-15 22:07:08', '2012-03-16 09:53:12'),
(33, 32, 'Hyderabad', '2012-03-15 23:51:39', '0000-00-00 00:00:00'),
(34, 32, 'Kakinada', '2012-03-16 00:37:23', '0000-00-00 00:00:00'),
(35, 23, 'Madurai', '2012-03-16 00:56:28', '0000-00-00 00:00:00'),
(36, 32, ' Visakhapatnam', '2012-03-16 01:13:42', '0000-00-00 00:00:00'),
(37, 31, 'Ahmedabad', '2012-03-16 09:53:45', '0000-00-00 00:00:00'),
(38, 26, 'Pune', '2012-03-16 16:25:58', '0000-00-00 00:00:00'),
(39, 24, 'Gurgaon', '2012-03-16 16:50:28', '0000-00-00 00:00:00'),
(40, 33, 'Kochi', '2012-03-16 16:52:49', '0000-00-00 00:00:00'),
(41, 33, 'Thiruvananthpuram', '2012-03-16 16:55:16', '0000-00-00 00:00:00'),
(42, 33, 'Kozhikode', '2012-03-16 17:08:29', '0000-00-00 00:00:00'),
(43, 33, 'Cochin', '2012-03-17 09:59:00', '0000-00-00 00:00:00'),
(44, 33, 'Thrissur', '2012-03-17 10:00:08', '0000-00-00 00:00:00'),
(45, 33, 'Malappuram', '2012-03-17 10:02:08', '0000-00-00 00:00:00'),
(46, 33, 'Pathanamthitta', '2012-03-17 10:03:25', '0000-00-00 00:00:00'),
(47, 23, 'Coimbatore', '2012-03-17 10:05:18', '0000-00-00 00:00:00'),
(48, 25, 'Udaipur', '2012-03-17 12:13:30', '0000-00-00 00:00:00'),
(49, 26, 'Ahmednagar', '2012-03-29 10:41:12', '0000-00-00 00:00:00'),
(50, 26, 'Karad', '2012-03-29 10:43:22', '0000-00-00 00:00:00'),
(51, 26, 'Solapur', '2012-03-29 10:44:10', '0000-00-00 00:00:00'),
(52, 23, 'Hosur', '2012-03-29 15:33:38', '0000-00-00 00:00:00'),
(53, 32, 'Secunderabad', '2012-03-29 21:17:37', '0000-00-00 00:00:00'),
(68, 25, 'Jodhpur', '2012-03-31 16:13:28', '0000-00-00 00:00:00'),
(55, 26, 'Nagpur', '2012-03-29 21:20:31', '0000-00-00 00:00:00'),
(56, 34, 'Bhubaneswar', '2012-03-29 21:22:45', '0000-00-00 00:00:00'),
(57, 31, 'Surat', '2012-03-29 21:23:12', '0000-00-00 00:00:00'),
(58, 22, 'Patiala', '2012-03-30 10:16:42', '0000-00-00 00:00:00'),
(59, 25, 'Bharatpur', '2012-03-30 10:17:44', '0000-00-00 00:00:00'),
(60, 25, 'Alwar', '2012-03-30 10:18:11', '0000-00-00 00:00:00'),
(61, 35, 'Bhopal', '2012-03-30 10:20:23', '0000-00-00 00:00:00'),
(62, 28, 'Lucknow', '2012-03-30 10:23:05', '0000-00-00 00:00:00'),
(63, 28, 'Gorakhpur', '2012-03-30 10:23:31', '0000-00-00 00:00:00'),
(64, 22, 'Jalandhar', '2012-03-30 10:27:28', '0000-00-00 00:00:00'),
(65, 31, 'Valsad', '2012-03-30 10:32:24', '0000-00-00 00:00:00'),
(66, 34, 'Cuttack', '2012-03-30 10:34:29', '0000-00-00 00:00:00'),
(67, 36, 'Dibrugarh', '2012-03-30 10:36:22', '0000-00-00 00:00:00'),
(69, 24, 'Panipat', '2012-03-31 16:15:26', '0000-00-00 00:00:00'),
(70, 29, 'Dhamtari', '2012-03-31 16:17:14', '0000-00-00 00:00:00');

-- --------------------------------------------------------

--
-- Table structure for table `departments`
--

CREATE TABLE `departments` (
  `id` int(11) NOT NULL auto_increment,
  `name` varchar(30) NOT NULL,
  `created_at` timestamp NOT NULL default CURRENT_TIMESTAMP,
  `updated_at` datetime NOT NULL,
  PRIMARY KEY  (`id`)
) ENGINE=MyISAM  DEFAULT CHARSET=latin1 AUTO_INCREMENT=90 ;

--
-- Dumping data for table `departments`
--

INSERT INTO `departments` (`id`, `name`, `created_at`, `updated_at`) VALUES
(19, 'Orthopaedics', '2012-03-14 16:27:08', '0000-00-00 00:00:00'),
(18, 'Neurosurgery', '2012-03-14 16:25:09', '0000-00-00 00:00:00'),
(17, 'Dermatology', '2012-03-14 16:24:12', '0000-00-00 00:00:00'),
(16, 'Anaesthesiology', '2012-03-14 16:23:54', '0000-00-00 00:00:00'),
(20, 'E.N.T.', '2012-03-14 16:27:30', '0000-00-00 00:00:00'),
(21, 'Cardiology', '2012-03-14 16:27:50', '0000-00-00 00:00:00'),
(22, 'Nephrology', '2012-03-14 16:28:07', '0000-00-00 00:00:00'),
(23, 'Oncology', '2012-03-14 16:32:54', '0000-00-00 00:00:00'),
(24, 'Gastroenterology', '2012-03-14 16:34:27', '0000-00-00 00:00:00'),
(25, 'Neurology', '2012-03-14 16:36:53', '0000-00-00 00:00:00'),
(26, 'Urology', '2012-03-14 17:13:14', '0000-00-00 00:00:00'),
(27, 'Pulmonology', '2012-03-14 17:14:41', '0000-00-00 00:00:00'),
(28, 'Obstetrics &amp; Gynaecology', '2012-03-14 17:16:58', '0000-00-00 00:00:00'),
(29, 'Dentistry', '2012-03-14 17:22:04', '2012-03-17 10:12:00'),
(30, 'Infertility', '2012-03-14 17:22:29', '0000-00-00 00:00:00'),
(31, 'Foetal Medicine', '2012-03-14 17:22:50', '0000-00-00 00:00:00'),
(34, 'Rheumatology', '2012-03-15 16:37:36', '0000-00-00 00:00:00'),
(32, 'Diabetes and Endocrinology', '2012-03-14 17:24:41', '0000-00-00 00:00:00'),
(35, 'Cardiac Surgery', '2012-03-15 17:17:00', '0000-00-00 00:00:00'),
(36, 'Gynaecology', '2012-03-15 17:17:29', '0000-00-00 00:00:00'),
(37, 'Heart Care', '2012-03-15 17:18:04', '0000-00-00 00:00:00'),
(38, 'Bone and Joint Care', '2012-03-15 17:18:15', '0000-00-00 00:00:00'),
(39, 'Brain and Spine Care', '2012-03-15 17:18:33', '2012-03-15 17:31:55'),
(40, 'Minimal Access Surgery', '2012-03-15 17:18:45', '0000-00-00 00:00:00'),
(41, 'Liver Transplant', '2012-03-15 17:19:08', '0000-00-00 00:00:00'),
(42, 'Cancer Center', '2012-03-15 18:04:52', '0000-00-00 00:00:00'),
(43, 'Liver Surgery', '2012-03-15 18:05:14', '0000-00-00 00:00:00'),
(44, 'Endocrinology', '2012-03-15 22:02:04', '0000-00-00 00:00:00'),
(45, 'Surgical Oncology', '2012-03-16 00:24:01', '0000-00-00 00:00:00'),
(46, 'Cataract Surgery', '2012-03-16 00:24:14', '0000-00-00 00:00:00'),
(47, 'Ophthalmology', '2012-03-16 09:56:44', '0000-00-00 00:00:00'),
(48, 'Cornea', '2012-03-16 09:57:17', '0000-00-00 00:00:00'),
(49, 'Vitreo Retina', '2012-03-16 09:57:27', '0000-00-00 00:00:00'),
(50, 'Ocular Pathology', '2012-03-16 09:57:40', '0000-00-00 00:00:00'),
(51, 'Neuro Ophthalmology', '2012-03-16 09:57:51', '0000-00-00 00:00:00'),
(52, 'Psychiatry', '2012-03-16 09:58:49', '0000-00-00 00:00:00'),
(53, 'Medical Oncology', '2012-03-16 09:59:44', '0000-00-00 00:00:00'),
(54, 'Radiation Oncology', '2012-03-16 09:59:56', '0000-00-00 00:00:00'),
(55, 'Orthopaedic Oncology', '2012-03-16 10:02:33', '0000-00-00 00:00:00'),
(56, 'Neuro Oncology', '2012-03-16 10:02:45', '0000-00-00 00:00:00'),
(57, 'Pediatric Oncology', '2012-03-16 10:03:01', '0000-00-00 00:00:00'),
(58, 'Tumor Pathology', '2012-03-16 10:03:43', '0000-00-00 00:00:00'),
(59, 'Gynecological Oncology', '2012-03-16 10:05:55', '0000-00-00 00:00:00'),
(60, 'Surgery', '2012-03-16 10:06:51', '0000-00-00 00:00:00'),
(61, 'Radiotherapy', '2012-03-16 10:07:01', '0000-00-00 00:00:00'),
(62, 'Oncosurgery', '2012-03-16 10:07:49', '0000-00-00 00:00:00'),
(63, 'Vascular Surgery', '2012-03-16 10:09:00', '0000-00-00 00:00:00'),
(64, 'Pediatric Cardiac', '2012-03-16 10:16:27', '0000-00-00 00:00:00'),
(65, 'Critical Care', '2012-03-16 10:16:39', '0000-00-00 00:00:00'),
(66, 'Cardio-thoracic', '2012-03-16 16:59:24', '0000-00-00 00:00:00'),
(67, 'Cosmetic Surgery', '2012-03-16 16:59:40', '0000-00-00 00:00:00'),
(68, 'Joint Replacement ', '2012-03-16 17:00:14', '0000-00-00 00:00:00'),
(69, 'Spine Surgery', '2012-03-16 17:00:51', '2012-03-16 22:46:14'),
(70, 'Mas Bariatic', '2012-03-16 17:03:02', '0000-00-00 00:00:00'),
(71, 'Contact Lens', '2012-03-16 17:03:38', '0000-00-00 00:00:00'),
(72, 'Refractive Surgery  Services ', '2012-03-16 17:04:04', '0000-00-00 00:00:00'),
(73, 'Glaucoma', '2012-03-16 17:04:14', '0000-00-00 00:00:00'),
(74, 'Plastic Surgery', '2012-03-16 17:04:41', '0000-00-00 00:00:00'),
(75, 'Sonology', '2012-03-16 17:05:00', '0000-00-00 00:00:00'),
(76, 'Paediatrics', '2012-03-16 22:19:51', '0000-00-00 00:00:00'),
(77, 'Radiology', '2012-03-16 23:10:05', '0000-00-00 00:00:00'),
(78, 'Accident and Trauma Care', '2012-03-17 10:06:42', '0000-00-00 00:00:00'),
(79, 'Neonatology', '2012-03-17 10:07:16', '0000-00-00 00:00:00'),
(80, 'Laproscopic Surgery', '2012-03-17 10:08:17', '0000-00-00 00:00:00'),
(81, 'Maxillofacial Surgery', '2012-03-17 10:09:40', '0000-00-00 00:00:00'),
(82, 'Migraine &amp; Headache ', '2012-03-17 10:19:58', '0000-00-00 00:00:00'),
(83, 'Uvea', '2012-03-17 10:20:21', '0000-00-00 00:00:00'),
(84, 'Internal Medicine', '2012-03-29 21:24:57', '0000-00-00 00:00:00'),
(85, 'Bone Marrow Transplant', '2012-03-30 11:08:41', '0000-00-00 00:00:00'),
(86, 'Pathology', '2012-03-30 11:09:44', '0000-00-00 00:00:00'),
(87, 'Physiotherapy', '2012-03-30 11:11:35', '0000-00-00 00:00:00'),
(88, 'Phacoemulsification', '2012-04-01 21:39:27', '0000-00-00 00:00:00'),
(89, 'Lasik', '2012-04-01 21:40:24', '0000-00-00 00:00:00');

-- --------------------------------------------------------

--
-- Table structure for table `hospitals`
--

CREATE TABLE `hospitals` (
  `id` int(11) NOT NULL auto_increment,
  `name` varchar(80) NOT NULL,
  `state_id` int(11) NOT NULL,
  `city_id` int(11) NOT NULL,
  `address` varchar(300) NOT NULL,
  `email` varchar(100) NOT NULL,
  `phone` varchar(15) NOT NULL,
  `phone1` varchar(15) NOT NULL,
  `fax` varchar(15) NOT NULL,
  `web` varchar(50) NOT NULL,
  `other_info` varchar(200) NOT NULL,
  `created_at` timestamp NOT NULL default CURRENT_TIMESTAMP,
  `updated_at` datetime NOT NULL,
  PRIMARY KEY  (`id`)
) ENGINE=MyISAM  DEFAULT CHARSET=latin1 AUTO_INCREMENT=229 ;

--
-- Dumping data for table `hospitals`
--

INSERT INTO `hospitals` (`id`, `name`, `state_id`, `city_id`, `address`, `email`, `phone`, `phone1`, `fax`, `web`, `other_info`, `created_at`, `updated_at`) VALUES
(21, 'AIIMS', 21, 21, 'All India Institute of Medical Sciences\r\nAurobindo Marg, Near Green Park, \r\nAnsari Nagar East, New Delhi, Delhi', 'ms@aiims.ac.in', '11-26588500', '11-26589900', '11-26589900', 'www.aiims.edu', ' ', '2012-03-15 15:29:22', '2012-03-17 21:41:40'),
(22, 'Fortis Escorts Hospital Amritsar', 22, 22, 'Fortis Escorts Hospital\r\nMajitha Verka Bypass,Amritsar,Punjab-143004', 'payal.uppal@fortishealthcare.com ', '991-513-3330', ' ', '183-3012200', 'www.fortishealthcare.com/Amritsar', ' ', '2012-03-15 15:39:05', '2012-03-17 21:42:32'),
(23, 'Fortis Malar Hospital ', 23, 23, 'Fortis Malar Hospital\r\n52,First Main Road,Gandhi Nagar,Adyar\r\nAdyar,Chennai-600 020', 'contactus.malar@fortishealthcare.com ', '44-2491-4737', '44-4289-2222', ' ', 'www.fortishealthcare.com/Malar', '  ', '2012-03-15 15:45:27', '2012-03-17 22:43:57'),
(24, 'Fortis Escorts Hospital Faridabad', 24, 24, 'Fortis Escorts Hospital\r\nNeelam Bata Road,Faridabad,Haryana', 'opdappointments.fbd@fortishealthcare.com', '0129 -2466100', '129-2466179', ' ', 'www.fortishealthcare.com/Faridabad', ' ', '2012-03-15 15:50:28', '2012-03-17 21:44:25'),
(25, 'Fortis Escorts Hospital Jaipur', 25, 25, 'Fortis Escorts Hospital\r\nJawahar Lal Nehru Marg, Malviya Nagar\r\nJaipur,Rajasthan-302017', 'rishi.kapoor@fortishealthcare.com', '141-4097109', '  ', '141-2547002', 'www.fortishealthcare.com/Jaipur', ' ', '2012-03-15 15:55:01', '2012-03-17 21:44:37'),
(26, 'Fortis Hospital Mohali', 22, 26, 'Fortis Hospital\r\nSector 62, Phase - VIII,Mohali,Punjab-160062', 'Healthcheck.mohali@fortishealthcare.com', '172-4692220', ' ', '172-4692221', 'www.fortishealthcare.com/Mohali', ' ', '2012-03-15 15:59:37', '2012-03-17 21:44:46'),
(27, 'Hiranandani Fortis Hospital Navi Mumbai ', 26, 27, 'Hiranandani Fortis Hospital\r\nMini Sea Shore Road,Sector 10 A,Vashi\r\nNavi Mumbai,Maharashtra-400703', 'vashi@fortishealthcare.com', '+91-22-39199100', '  ', '022 39199220', 'www.fortishealthcare.com/NaviMumbai', ' ', '2012-03-15 16:04:20', '2012-03-17 22:38:10'),
(28, 'Fortis Escorts Heart Institute ', 21, 21, 'Fortis Escorts Heart Institute\r\nOkhla Road, New Delhi - 110 025 (INDIA)', 'contactus.escorts@fortishealthcare.com', '91-11-47135000', ' ', '91-11-26825013', 'www.fortisescorts.in', ' ', '2012-03-15 16:10:26', '2012-03-17 21:45:14'),
(29, 'R.B. Seth Jessa Ram Hospital', 21, 21, 'R.B. Seth Jessa Ram Hospital\r\nW.E.A,Karol Bagh,New Delhi-110005', 'contactjrh@fortishealthcare.com', '+91-11-42502233', ' ', '+91-11-45013221', 'www.fortishealthcare.com/JessaRam', '  ', '2012-03-15 16:15:39', '2012-03-17 21:45:27'),
(30, 'Fortis La Femme ', 21, 21, 'Fortis La Femme\r\nS-549,Greater Kailash Part II\r\nNew Delhi-110048', 'contactus.flf@fortishealthcare.com', '+91-11-64646001', '+91-11-64105010', '  ', 'www.fortishealthcare.com/LaFemme', ' ', '2012-03-15 16:20:53', '2012-03-17 21:45:38'),
(31, 'Fortis Hospital Vasant Kunj ', 21, 21, 'Centre of Excellence in Diabetes, Obesity, \r\nMetabolic Diseases and Endocrinology\r\nSector B, Pocket 1 Aruna Asaf Ali Marg\r\nVasant Kunj, New Delhi -110070', ' ', '9910328292', '9910388292', '011-49101200', 'www.fortishealthcare.com/c-doc', ' ', '2012-03-15 16:25:53', '2012-03-17 21:45:48'),
(32, 'Fortis Flt. Lt. Rajan Dhall Hospital ', 21, 21, 'Fortis Flt. Lt. Rajan Dhall Hospital\r\nSector B, Pocket 1 Aruna Asaf Ali Marg\r\nVasant Kunj,New Delhi - 110 070', 'contactus.vk@fortishealthcare.com', '+91-11-42776444', '+91-11-42105010', '+91-11-:4277 62', 'www.fortishealthcare.com/VasantKunj', ' ', '2012-03-15 16:30:49', '2012-03-17 21:45:56'),
(33, 'Fortis Hospital Shalimar Bagh', 21, 21, 'Fortis Hospital\r\nA Block,Shalimar Bagh\r\nNew Delhi-110 088', 'contactus.sb@fortishealthcare.com ', '+91-11-47884788', '+91-11-47105010', ' ', 'www.fortishealthcare.com/Shalimarbagh', ' ', '2012-03-15 16:48:00', '2012-03-17 21:46:08'),
(34, 'Fortis Hospitals Bannerghatta Road,Bangalore ', 27, 28, 'Fortis Hospitals\r\n154/9, Bannerghatta Road,\r\nOpp. IIM-B, Bangalore - 560 076.', 'enquiries@fortishospitals.com', '+91-80-66214444', '+91-80-22544444', ' ', 'www.fortishospitals.com/bangalore/bannerghata-road', ' ', '2012-03-15 17:21:41', '2012-03-17 21:46:17'),
(35, 'Fortis Hospitals Cunningham Road,Bangalore', 27, 28, 'Fortis Hospitals\r\nNo 14, Cunningham Road\r\nSheriffs Chamber,Bangalore -560052.', 'enquiries@fortishospitals.com', '+91-80-41994444', '9663367253', ' ', 'www.fortishospitals.com/bangalore/cunningham-road.', ' ', '2012-03-15 17:28:21', '2012-03-17 21:46:27'),
(36, 'Fortis Hospital Rajajinagar Bangalore', 27, 28, 'Fortis Hospitals Limited, \r\n111, West of Chord Road, \r\nOpp. Rajajinagar 1st Block Junction,\r\nBangalore – 560 086.', '  ', '9845317761', ' ', ' ', 'www.fortishospitals.com/bangalore/Rajajinagar.html', '  ', '2012-03-15 17:39:09', '2012-03-17 21:46:44'),
(37, 'Fortis Hospital Noida', 28, 29, 'Fortis Hospital\r\nB-22, Sector-62\r\nNoida,Uttar Pradesh-201301', 'contactus.noida@fortishealthcare.com ', '+91-120-2400444', '+91-120-4300222', ' ', 'www.fortishealthcare.com/Noida', ' ', '2012-03-15 17:43:14', '2012-03-17 21:47:01'),
(38, 'Fortis Escorts Heart Centre ', 29, 30, 'Fortis Escorts Heart Centre\r\nPt. JNM Medical college, Jail Road\r\nRaipur,Chhattisgarh - 492001', 'escortsraipur@gmail.com', '0771-3089100', '0771-3089101', '0771-3089146', 'www.fortishealthcare.com/Raipur', ' ', '2012-03-15 17:48:05', '2012-03-17 21:47:14'),
(39, 'Fortis Hospitals Mulund', 26, 27, 'Fortis Hospitals, Mulund \r\nMulund Goregaon Link Road, \r\nMumbai 400078', 'enquiries@fortishospitals.in', '022- 67994444', '9167001122', ' ', 'www.fortishospitals.com/mumbai.html', ' ', '2012-03-15 18:01:39', '2012-03-17 21:47:33'),
(40, 'Fortis Hospitals  Kalyan ', 26, 27, 'Fortis Hospitals, Kalyan \r\nOpp. APMC Market, Bail Bazaar,\r\nKalyan Shil Road, Kalyan (West)-421301', 'enquiries@fortishospitals.in', '0251- 6694444', '9820094400', ' ', 'www.fortishospitals.com/mumbai.html', ' ', '2012-03-15 21:28:19', '2012-03-17 21:47:45'),
(41, 'Fortis hospital Anandapur', 30, 31, 'Fortis hospitals\r\n730, Anandapur\r\nEM Bypass Road,Kolkata -700107', 'enquiries@fortishospitals.in', '66284444', ' ', '66284242', 'www.fortishospitals-kolkata.com', ' ', '2012-03-15 21:47:30', '2012-03-17 21:47:59'),
(42, 'Fortis Medical Centre Kolkata', 30, 31, 'Fortis Medical Centre 2/7 Sarat Bose Road,Kolkata-700020', 'enquiries@fortishospitals.in', '+91-2475-4320', '+91-2474-9164', '033-4749237', '  ', '  ', '2012-03-15 21:54:01', '2012-03-17 22:46:13'),
(43, 'Fortis Hospitals &amp; Kidney Institute', 30, 31, 'Fortis Hospitals &amp; Kidney Institute\r\n111A, Rash Behari Avenue \r\nKolkata - 700029', 'enquiries@fortishospitals.in', '+91-2463-3320', '+91-2463-3319', ' ', 'www.fortishospitals-kolkata.com', ' ', '2012-03-15 22:00:17', '2012-03-17 21:49:21'),
(44, 'Apollo Hospital Gandhinagar', 31, 32, 'APOLLO HOSPITALS INTERNATIONAL LIMITED\r\nPlot No.1 A, Bhat GIDC Estate,\r\nGandhinagar - 382428,Gujarat, India.', 'info@apolloahd.com', '+91-79-66701800', '+91-79-66701801', '+91-79-66701843', 'www.apolloahd.com', ' ', '2012-03-15 22:09:41', '2012-03-17 21:49:33'),
(45, 'Apollo Hospital Bangalore', 27, 28, 'Apollo Hospitals  Bangalore  \r\n154/11, Opp. IIM B  \r\nBannerghatta Road,Bangalore - 560076 (India) ', 'customercare_bangalore@apollohospitals.com', '+91-80-26304050', '+91-80-26304051', '+91-80-41463151', ' ', '  ', '2012-03-15 22:19:22', '2012-03-17 22:46:56'),
(46, 'Apollo Hospital Chennai', 23, 23, 'Apollo Hospitals \r\nNo. 21, Greams Lane\r\nOff. Greams Road,Chennai - 600 006', 'enquiry@apollohospitals.com', '+91-44-2829 020', '+91-44-2829 333', '+91-44-2829-442', 'chennai.apollohospitals.com', ' ', '2012-03-15 22:26:44', '2012-03-17 21:49:57'),
(47, 'Apollo Hospital New Delhi', 21, 21, 'Indraprastha Apollo Hospitals\r\nSarita Vihar, Delhi Mathura Road,\r\nNew Delhi - 110076 (India)', 'assistance@apollohospitalsdelhi.com', '+91-11-26925858', '+91-11-26925801', '+91-11-26825563', 'www.apollohospdelhi.com', ' ', '2012-03-15 23:47:38', '2012-03-17 21:50:07'),
(48, 'Apollo Hospital Hyderabad', 32, 33, 'The Apollo Health City \r\nJubilee Hills, Hyderabad-500 033,\r\nAndhra Pradesh, India. ', 'apollohealthcity@apollohospitals.com', '+91-40-23607777', '+91-40-23548888', '+91-40-23607530', 'www.apollohealthcity.com', ' ', '2012-03-15 23:53:35', '2012-03-17 21:50:20'),
(49, 'Apollo Hospitals Kakinada', 32, 34, 'Apollo Hospitals\r\n13-1-3, Main Road,Kakinada - 533001', 'info_kkd@apollohospitals.com', '91-0884 2345700', '91-0884 2302699', '91-884-2379141', 'www.apollokakinada.com', ' ', '2012-03-16 00:42:05', '2012-03-17 21:50:32'),
(50, 'Apollo Hospitals  Madurai ', 23, 35, 'Apollo Speciality Hospitals  \r\nLake View Road,K.K. Nagar,Madurai - \r\n625 020', 'ashmdu@sify.com', '+91-452 2580892', '+91-452 2580893', '+ 91-452 258019', 'www.apollohospitals.com', ' ', '2012-03-16 01:05:22', '2012-03-17 21:50:49'),
(51, 'Apollo Hospital Vishakpatnam ', 32, 36, 'Apollo Hospitals\r\n10-50-80, Waltair Main Road\r\nVISHAKPATNAM - 530002.Andhra Pradesh, India.', 'apollo_vizag@apollohospitals.com', '+91 891 2727272', '+91 891 2529618', '+91 891 2560858', 'www.apollovizag.com', ' ', '2012-03-16 01:16:04', '2012-03-17 21:50:58'),
(52, 'Lilavati Hospital Mumbai.', 26, 27, 'Lilavati Hospital &amp; Research Centre\r\nA - 791, Bandra Reclamation, \r\nBandra (W), Mumbai - 400 050. India.', 'info@lilavatihospital.com', '+91-22-26751000', '+91-22-26568063', '+91-22-2640 765', 'www.lilavatihospital.com', ' ', '2012-03-16 10:36:44', '2012-03-17 21:51:42'),
(53, 'Sankara Nethralaya', 23, 23, 'Sankara Nethralaya (Main Campus)\r\nNo. 18, College Road, Nungambakkam,\r\nChennai - 600 006, Tamil Nadu , India.', 'information@snmail.org', '+91-044-2827161', ' ', '91-044-28254180', 'www.sankaranethralaya.org', ' ', '2012-03-16 10:42:30', '2012-03-17 21:52:00'),
(54, 'Bombay Hospital', 26, 27, 'Bombay Hospital &amp; Medical Research Centre \r\n12, Marine Lines, Mumbai - 400 020, India.', ' ', '022-2067676 ', ' ', '022- 2080871 ', 'www.bombayhospital.com', ' ', '2012-03-16 10:53:22', '2012-03-17 21:52:16'),
(55, 'Jaslok Hospital &amp; Research Centre', 26, 27, 'Jaslok Hospital &amp; Research Centre\r\n15 - Dr. Deshmukh Marg, Pedder Road,\r\nMumbai- 400 026.', 'info@jaslokhospital.net', '022-66573333 ', '022-66573010', '022-23520508', 'www.jaslokhospital.net ', ' ', '2012-03-16 11:00:58', '2012-03-17 21:52:31'),
(56, ' P.D.Hinduja National Hospital', 26, 27, 'P.D. Hinduja National Hospital and \r\nMedical Research Centre\r\nVeer Savarkar Marg, Mahim, Mumbai-400 016 India.', ' ', '022-24449199 ', '022-24452222', ' ', 'www.hindujahospital.com', ' ', '2012-03-16 11:19:50', '2012-03-17 21:52:48'),
(57, 'NIMHANS', 27, 28, 'NIMHANS \r\nHosur Road \r\nBangalore - 560029, India.', 'regt@nimhans.kar.nic.in', '91-080-26995005', '91-080-26995006', '91-080-26564830', 'www.nimhans.kar.nic.in', ' ', '2012-03-16 14:58:33', '2012-03-17 21:53:03'),
(58, 'Tata Memorial Hospital', 26, 27, 'Tata Memorial Hospital\r\nDr. E Borges Road, Parel,\r\nMumbai-400 012 India', 'info@tmcmail.org', '+91-22-24177000', '+91-22-24146750', '+91-22-24146937', 'www.tatamemorialcentre.com', ' ', '2012-03-16 15:12:29', '2012-03-17 21:53:19'),
(59, 'Shroff''s Charity Eye Hospital', 21, 21, 'Dr Shroff Charity Eye Hospital.\r\n5027, Kedarnath Road,Daryaganj, \r\nNew Delhi-110002,India', ' ', '011-43524444', '011-43528888', '011-43528816', 'www.sceh.net', ' ', '2012-03-16 15:24:27', '2012-03-17 21:53:35'),
(60, 'Dharamshila Hospital and Research Centre ', 21, 21, 'Dharamshila Hospital and Research Centre\r\nDharamshila Marg, Vasundhara Enclave\r\nDelhi - 110096, INDIA', 'contact@dhrc.in', '011 - 43066353', ' ', '011 - 22617770 ', 'www.dhrc.in', ' ', '2012-03-16 15:29:28', '2012-03-17 21:53:48'),
(61, 'Rajiv Gandhi Cancer Institute &amp; Research Center ', 21, 21, 'Rajiv Gandhi Cancer Institute &amp; Research Center\r\nSector - V Rohini Delhi - 110 085.', ' ', '+91-11-47022070', '+91-11-47022071', ' ', 'www.rgci.org', ' ', '2012-03-16 15:36:05', '2012-03-17 21:54:01'),
(62, 'HCG Bangalore Institute of Oncology ', 27, 28, 'HCG Bangalore Institute of Oncology (“BIO”)\r\n44-45/2, 2nd Cross, Raja Rammohan Roy Extension\r\n(Off. Lalbagh Double Road), Bangalore - 560 027 ', ' ', '080 40206400', ' ', ' ', 'www.hcgoncology.com/hcg-bio', ' ', '2012-03-16 15:51:10', '2012-03-17 22:44:15'),
(63, 'Gujarat Cancer &amp; Research Institute', 31, 37, 'The Gujarat Cancer &amp; Research Institute\r\nCivil Hospital Campus, Asarwa, \r\nAhmedabad-380 016,Gujarat, INDIA ', 'gcriad1@bsnl.in', '+91-79- 2268 80', '+91-79- 2268 14', '+91-79-2268 549', 'www.cancerindia.org', ' ', '2012-03-16 15:55:30', '2012-03-17 21:54:28'),
(64, 'Kidwai Memorial Institute of Oncology ', 27, 28, 'Kidwai Memorial Institute of Oncology \r\nDr. M.H Marigowda Road, \r\nBangalore - 560029, Karnataka , India.', 'kidwai@kar.nic.in', '091-080-2609400', ' ', '091-080-6560723', 'www.kidwai.kar.nic.in', ' ', '2012-03-16 16:02:05', '2012-03-17 22:44:05'),
(65, 'Moolchand Medcity', 21, 21, 'Moolchand Medcity\r\nLajpat Nagar III (Near Moolchand Metro Station), \r\nNew Delhi 110 024, India.', 'info@moolchandhealthcare.com', '+91 11 4200 000', ' ', '+91 11 4200 030', 'www.moolchandhealthcare.com', ' ', '2012-03-16 16:05:28', '2012-03-17 22:44:24'),
(66, 'Asian Heart Institute', 26, 27, 'Asian Heart Institute\r\nBandra Kurla Complex, Bandra (E),\r\nMumbai 400 051.Maharashtra, INDIA', 'info@ahirc.com', '+91-22-6698 666', ' ', '+91-22-6698 650', 'www.asianheartinstitute.org', ' ', '2012-03-16 16:09:10', '2012-03-17 21:55:06'),
(67, 'Narayana Hrudayalaya Health City', 27, 28, 'Narayana Hrudayalaya Health City\r\nNo. 258/A, Bommasandra Industrial Area,\r\nHosur Road, Anekal Taluk,\r\nBangalore 560099, India', 'info@hrudayalaya.com', '+91 8022152215', '+91 8027835005', '+91 80 2783 264', 'www.narayanahospitals.com', ' ', '2012-03-16 16:14:18', '2012-03-17 21:55:21'),
(68, 'B. M. Birla Heart Research Centre', 30, 31, 'B. M. Birla Heart Research Centre\r\n1/1 National Library Avenue\r\nKolkata-700027.(West Bengal)', 'bmbhrc@birlaheart.org', '+91-(033)-24567', '+91-(033)-30403', ' ', 'www.birlaheart.org', ' ', '2012-03-16 16:21:06', '2012-03-17 21:55:36'),
(69, 'N.M. Wadia Institute Of Cardiology ', 26, 38, 'N.M. Wadia Institute Of Cardiology \r\n32, Sassoon Road, Pune-411001', ' ', '+91-20-26058136', '+91-20-26058141', '+91-20-26058140', 'www.nmwcardiology.org', ' ', '2012-03-16 16:28:06', '2012-03-17 21:55:48'),
(70, 'Medanta-The Medicity ', 24, 39, 'Medanta-The Medicity \r\nSector–38, Gurgaon\r\nHaryana 122 001, India', 'info@medanta.org', '+91-124 4141414', '+91- 124 441144', '+91- 124 4834 1', 'www.medanta.org', ' ', '2012-03-16 17:12:32', '2012-03-17 21:55:58'),
(71, 'Dr L H Hiranandani Hospital  ', 26, 27, 'Dr L H Hiranandani Hospital  \r\nHill Side Avenue, Hiranandani \r\nGardens, Powai, Mumbai(400 076)', 'wecare@hiranandanihospital.org', '+91 22 25763322', '+91 22 25763300', '+91 22 2576 334', 'www.hiranandanihospital.org', ' ', '2012-03-16 17:16:12', '2012-03-17 21:56:34'),
(72, 'Kokilaben Dhirubhai Ambani Hospital', 26, 27, 'Kokilaben Dhirubhai Ambani Hospital  \r\nRao Saheb Achutrao Patwardhan Marg, \r\nFour Bunglows,\r\nAndheri (W),Mumbai - 400053.', 'contact.kh@relianceada.com', '+91-22-3066 666', ' ', ' ', 'www.kokilabenhospital.com', ' ', '2012-03-16 17:20:00', '2012-03-17 21:56:49'),
(73, 'VIMHANS Hospital', 21, 21, 'VIMHANS Hospital\r\nNo.1,Institutional  Area,Nehru Nagar, New Delhi-110065', 'help@vimhans.com', '11-29849010', '11-29849020  ', '91-11-29849028', 'www.vimhans.com', ' ', '2012-03-16 17:25:27', '2012-03-17 21:57:00'),
(74, 'Krishna Heart &amp; Super Specialty Institute', 31, 37, 'Krishna Heart &amp; Super Specialty Institute\r\n319- Green City ,Ghuma,\r\nAhmedabad-380058, INDIA.', 'info@krishnaheart.org', '+91-02717-23087', '+91-02717-23088', '+91-02717-23087', 'www.krishnaheart.org', ' ', '2012-03-16 17:41:22', '2012-03-17 21:57:12'),
(75, 'SAL Hospital', 31, 37, 'SAL Hospital\r\nOpp. Doordarshan,Drive-in Road \r\nAhmedabad - 380 054,Gujarat, India.', 'info@salhospital.com', '+ 91 79 6611 56', ' ', '+ 91 79 6611 56', 'www.salhospital.com', ' ', '2012-03-16 17:45:20', '2012-03-17 21:57:27'),
(76, 'Ruby Hall Clinic', 26, 38, 'Ruby Hall Clinic\r\n40, Sassoon Road,\r\nPune- 411001, Maharashtra, India', 'info@rubyhall.com', '091 20 - 261633', '  ', '091 20 - 261645', ' ', ' ', '2012-03-16 17:49:37', '2012-03-17 22:49:35'),
(77, 'Peerless Hospital &amp; B.K.Roy Research Center', 30, 31, 'Peerless Hospital &amp; B.K.Roy Research Center\r\n360 Panchasayar ,Kolkata - 700 094\r\nWest Bengal, India.', 'ph.enquiry@peerlesshospital.com', '91-33-2462 2394', '91-33-2462 2462', '91-33-2462-0692', 'www.peerlesshospital.com', ' ', '2012-03-16 17:56:39', '2012-03-17 21:57:49'),
(78, 'Lakeshore Hospital &amp; Research Centre', 33, 40, 'Lakeshore Hospital &amp; Research Centre\r\nNH 47 Bypass,Maradu, Nettoor P.O.\r\nKochi - 682 040,Kerala, INDIA.', 'info@lakeshorehospital.com', '91-484-2701032', '91-484-2701033', '91-484-2701996', 'www.lakeshorehospital.com', ' ', '2012-03-16 18:01:25', '2012-03-17 21:58:02'),
(79, 'Shroff Eye Hospital', 26, 27, 'Shroff Eye Hospital \r\nVision Research Centre,222, S.V.Road,Bandra(West),\r\nNext to old Bandra Talkies,Mumbai 400 050. India ', 'info@shroffeye.org', '+91-22-6692 100', ' ', '+91 -22)-6694 9', 'www.shroffeye.org', ' ', '2012-03-16 18:07:14', '2012-03-17 21:58:12'),
(80, 'SevenHills Hospital ', 26, 27, 'SevenHills Hospital,\r\nMarol-Maroshi Road, Andheri (E.), Mumbai 400059.', ' ', '022-67676767', ' ', '+91-22-67676718', 'www.sevenhillshospital.com/mumbai', ' ', '2012-03-16 18:10:11', '2012-03-17 21:58:27'),
(81, 'Prince Aly Khan Hospital', 26, 27, 'The Prince Aly Khan Hospital\r\nAga Hall,Nesbit Road, Mazagaon\r\nMumbai-400 010,India', ' ', '+91 22 23777800', '+91 22 23777900', '+91 22 23743820', 'www.agakhanhospitals.org/mumbai', ' ', '2012-03-16 21:21:17', '2012-03-17 22:04:33'),
(82, 'Holy Family Hospital', 21, 21, 'HOLY FAMILY HOSPITAL\r\nOkhla Road,New Delhi-110 025\r\nIndia.', 'administration@holyfamilyhospitaldelhi.org', '11-26845900', '11-26332800', '11-26913225', 'www.holyfamilyhospitaldelhi.org', ' ', '2012-03-16 21:30:03', '2012-03-17 22:50:23'),
(83, 'Artemis Health Institute', 24, 39, 'Artemis Health Institute\r\nSector -51,Gurgaon - 122001\r\nHaryana,INDIA.', ' ', '+ 91-124-676799', '+91-124-6767000', ' ', 'www.artemishospital.in', ' ', '2012-03-16 21:37:53', '2012-03-17 22:50:37'),
(84, 'Metro Hospitals &amp; Heart Institute ', 28, 29, 'Metro Hospitals &amp; Heart Institute \r\nL-94, Sector -11, NOIDA 201301\r\nNOIDA (Delhi NCR) INDIA.', 'mghnoida@metrohospials.com', '0120-2522959', '0120-2442666 ', '0120-2442555', 'www.metrohospitals.com', ' ', '2012-03-16 21:41:38', '2012-03-17 22:50:47'),
(85, 'Primus Super Speciality Hospital ', 21, 21, 'Primus Super Speciality Hospital\r\nChandragupt Marg, Chanakyapuri\r\nNew Delhi- 110 021, India.', 'info@primushospital.com', '+91 9999920206', '+91 11 6620 663', '+91 11 6620 665', 'www.primushospital.com', ' ', '2012-03-16 21:45:52', '2012-03-17 22:50:56'),
(86, 'Rockland Hospital ', 21, 21, 'Rockland Hospital\r\nB-33,34, Qutab Institutional Area,\r\nNew Delhi-110016.', 'info@rocklandhospital.com', '+91-11-41222222', '+91-11-47667100', ' ', 'www.rocklandhospital.net', '  ', '2012-03-16 22:00:28', '0000-00-00 00:00:00'),
(87, 'Sir Ganga Ram Hospital ', 21, 21, 'Sir Ganga Ram Hospital\r\nRajinder Nagar, New Delhi-110060,INDIA.', 'gangaram@sgrh.com', '011-25750000', '011-42254000 ', '011-25861002 ', 'www.sgrh.com', ' ', '2012-03-16 22:28:34', '0000-00-00 00:00:00'),
(88, 'KERALA INSTITUTE OF MEDICAL SCIENCES ', 33, 41, 'KERALA INSTITUTE OF MEDICAL SCIENCES\r\nP.B.No.1, Anayara P.O \r\nTrivandrum - 695 029, Kerala, India.', 'marketing@kimskerala.com', '+91 471 3041000', '+91 471 2447575', '+91 471 2446535', 'www.kimskerala.com', ' ', '2012-03-16 22:36:12', '0000-00-00 00:00:00'),
(89, 'L V Prasad Eye Institute ', 32, 33, 'L V Prasad Eye Institute\r\nKallam Anji Reddy Campus,\r\nL V Prasad Marg, Banjara Hills,\r\nHyderabad 500 034,Andhra Pradesh, India.', ' ', '91 40 3061 2345', '  ', '91 40 2354 8271', 'www.lvpei.org', ' ', '2012-03-16 22:39:45', '0000-00-00 00:00:00'),
(90, 'Sparsh  Hospital ', 27, 28, 'Unit of Shiva &amp; Shiva Orthopedic Hospital Pvt. Ltd.\r\n29/P2, Narayana Health City,\r\nBommasandra Industrial Area,\r\nHosur Road, Bangalore (India) 560099.', 'info@sparshhospital.com', '+91-80-33271000', ' ', '+91-80-33271111', 'www.sparshhospital.com', ' ', '2012-03-16 22:44:57', '0000-00-00 00:00:00'),
(91, 'BABY MEMORIAL HOSPITAL LIMITED ', 33, 42, 'BABY MEMORIAL HOSPITAL LIMITED\r\nIndira Gandhi Road, \r\nKozhikode - 673004,Kerala, India.', 'info@babymhospital.org', '+91-495-2777777', '+91-495-2723272', '+91 - 495 - 272', 'www.babymhospital.org', ' ', '2012-03-16 22:49:52', '2012-03-17 22:06:28'),
(92, 'Global Hospitals  Hyderabad ', 32, 33, 'Global Hospitals, Hyderabad\r\n6-1-1040/1 to 4, Lakdi-ka-pul, \r\nHyderabad - 500 004, Andhra Pradesh ', ' ', '+91 40 2324 444', '+91 40 2324 444', '+91 40 2324 445', 'www.globalhospitalsindia.com', ' ', '2012-03-16 22:54:27', '2012-03-17 22:06:46'),
(93, 'Beams Hospitals Pvt. Ltd. ', 26, 27, 'Beams Hospitals Pvt. Ltd.\r\nPlot No.674, 16th Cross Road \r\nBehind Khar Gymkhana,Khar Pali, Mumbai-400052', ' ', '022 39417700', '1800-200-3090', ' ', 'www.beamshospitals.com', ' ', '2012-03-16 22:59:27', '0000-00-00 00:00:00'),
(94, 'Meditrina Hospital ', 33, 41, 'Meditrina Hospital\r\nTC 2 / 2367-1, Pattom, Thiruvananthapuram,\r\nKerala - 695004.', 'contactus@meditrinahospital.com', '0471- 3063000', '0471- 2550003', '  ', 'www.meditrinahospital.com', ' ', '2012-03-16 23:02:29', '0000-00-00 00:00:00'),
(95, 'PRS Hospital ', 33, 41, 'PRS Hospital\r\nKillipalam,Trivandrum-695002. Kerala, India.', 'admin@prshospital.com', '+ 91 471 234444', '+ 91 471 234444', '+ 91 471 234535', 'www.prshospital.com', ' ', '2012-03-16 23:06:55', '0000-00-00 00:00:00'),
(96, 'Sunrise Hospital', 33, 40, 'Sunrise Hospital\r\nSeaport - Airport Road, \r\nKakkanad, Kochi - 682 030,Kerala, India.', 'enquiry@sunrisehospital.in', '+91 484 2428913', '+91 484 2428916', '+91 484 2428917', 'www.sunrisehospital.co.in', ' ', '2012-03-17 10:23:52', '0000-00-00 00:00:00'),
(97, 'Medical Trust Hospital', 33, 43, 'Medical Trust Hospital\r\nMG Road, Cochin - 682 016,Kerala, India.', 'medtrust@vsnl.com', '+91 484 2358001', '+91 484 2358032', '+91 484-2358031', 'www.medicaltrusthospital.com', ' ', '2012-03-17 10:28:45', '0000-00-00 00:00:00'),
(98, 'Elite Mission Hospital', 33, 44, 'Elite Mission Hospital,\r\nP.B.No.1414, P.O.Koorkenchery,\r\nThrissur - 680 007,Kerala, India.', 'info@elitemissionhospital.com ', '0487-2436100', ' ', '0487-2424322', 'www.elitemissionhospital.com', ' ', '2012-03-17 10:32:15', '0000-00-00 00:00:00'),
(99, 'Najath Super Speciality Hospital ', 33, 43, '\r\nNajath Super Speciality Hospital &amp; School of Nursing \r\nBank Jn; Aluva - 683101,Cochin,Kerala, India.', 'najathhospital@yahoo.com', '+91 484 2623693', '+91 484 2631157', '+91 0484 262910', 'www.najath.com', ' ', '2012-03-17 10:36:31', '0000-00-00 00:00:00'),
(100, 'AL SHIFA HOSPITAL PVT. LTD. ', 33, 45, 'AL SHIFA HOSPITAL PVT. LTD.\r\nOotty Road, Perintalmanna - 679322\r\nMalappuram Dist,Kerala, India.', 'mail@alshifahospital.com', '+91 4933 227616', ' ', '+91 4933 229818', 'www.alshifahospital.com', ' ', '2012-03-17 10:40:01', '0000-00-00 00:00:00'),
(101, 'St. Gregorios Cardio Vascular Centre ', 33, 46, 'St. Gregorios Cardio Vascular Centre \r\nParumala, Pathanamthitta,Dist-Kerala-689626.', 'sgcvcparumala@gmail.com', '+91 479 2310664', '+91 479 2310665', '+91 479 2311008', 'www.drkmcherianheartfoundation.org', ' ', '2012-03-17 10:43:09', '0000-00-00 00:00:00'),
(102, 'MIOT Hospitals', 23, 23, 'MIOT Hospitals \r\n4/112, Mount Poonamalle Road \r\nManapakkam, Chennai - 600 089,Tamil Nadu, INDIA.', 'enq@miothospitals.com', '044 42002288', '044 22496500', '044 22491188', 'www.miothospitals.com', ' ', '2012-03-17 10:54:00', '0000-00-00 00:00:00'),
(103, 'Hosmat Hospital', 27, 28, 'HOSMAT HOSPITAL\r\n45 Magrath Road,Off Richmond Road\r\nBangalore - 560 025 INDIA.', 'mail@hosmatnet.com', '91-80-25593796', '91-80-25543797', '91-80-25593798', 'www.hosmatnet.com', ' ', '2012-03-17 10:57:27', '0000-00-00 00:00:00'),
(104, 'Trichur Heart Hospital Ltd ', 33, 44, 'Trichur Heart Hospital Ltd\r\nThrissur, Kerala, India - 680 001.', 'hearthospital@trichurheart.com ', '91 - 487 - 2433', ' ', '91 - 487 - 2442', 'www.trichurheart.com', ' ', '2012-03-17 11:04:03', '0000-00-00 00:00:00'),
(105, 'EDAPPAL HOSPITALS PVT LTD ', 33, 45, 'EDAPPAL HOSPITALS PVT LTD\r\nEDAPPAL PO, MALAPPURAM, KERALA 679 576.', 'info@edappalhospitals.org', '+ 91 494 266020', '+ 91 494 268078', '+91 494 2680755', 'www.edappalhospitals.org', ' ', '2012-03-17 11:08:09', '0000-00-00 00:00:00'),
(106, 'CIMAR COCHIN', 33, 43, 'CIMAR COCHIN\r\nTipusulthan Road, Off NH - 17\r\nCheranaloor, Edappally,Kochi - 682034.', 'cimarcochin@gmail.com', '+91 484 4134444', '+91 484 4134404', '+91 484 4134455', 'www.cimarindia.org', ' ', '2012-03-17 11:15:08', '0000-00-00 00:00:00'),
(107, 'SPECIALISTS HOSPITAL ', 33, 40, 'SPECIALISTS HOSPITAL\r\nOpp. North Railway Station, \r\nErnakulam North, Kochi-682018,Kerala, India.', 'sph@bsnl.in', '91 484 2395952', '91 484 2395066', '91 484 2392945 ', 'www.specialistshospital.com', ' ', '2012-03-17 11:21:04', '0000-00-00 00:00:00'),
(108, 'Kovai Medical Center and Hospital', 23, 47, 'Kovai Medical Center and Hospital \r\nP.B.No. :3209,Avanashi Road,\r\nCoimbatore-641014,India.', 'getwell@kmchhospitals.com', '91-422-2627784', '91-422-2627790', '91-422-2627782', 'www.kmchhospitals.com', ' ', '2012-03-17 11:24:44', '0000-00-00 00:00:00'),
(109, 'Ganga Medical Centre &amp; Hospitals Pvt Ltd', 23, 47, 'Ganga Medical Centre &amp; Hospitals Pvt Ltd\r\n313, Mettupalayam Road,Coimbatore-641043\r\nTamil Nadu,India.', 'srs@gangahospital.com', '91- 422 - 248 5', ' ', '91- 422 - 24364', 'www.gangahospital.com', ' ', '2012-03-17 11:28:12', '0000-00-00 00:00:00'),
(110, 'K.G. Hospital ', 23, 47, 'K.G. Hospital \r\nArts College Road,Coimbatore-641018,\r\nTamil Nadu, India.', 'drgb@kggroup.com', '0422-2212121', '0422-2212129', '0422-2211212', 'www.kghospital.org', ' ', '2012-03-17 11:30:43', '0000-00-00 00:00:00'),
(111, 'G. Kuppuswamy Naidu Memorial Hospital ', 23, 47, 'G. Kuppuswamy Naidu Memorial Hospital\r\nP.B. No. 6327, Nethaji Road,Pappanaickenpalayam,\r\nCoimbatore - 641 037', 'gknmh@vsnl.com', '0422-224 5000', ' ', '0422-2243509', 'www.gknmhospital.org', ' ', '2012-03-17 11:35:16', '0000-00-00 00:00:00'),
(112, 'Chaithanya Eye Hospital &amp; Research Institute ', 33, 41, 'Chaithanya Eye Hospital &amp; Research Institute\r\nKesavadasapuram Jn.\r\nTrivandrum - 695 004,Kerala, India', ' ', '+91 471 2447183', ' ', '+91 471 2443985', 'www.chaithanya.org', ' ', '2012-03-17 11:38:44', '0000-00-00 00:00:00'),
(113, 'Tony''s Super Speciality Eye Institute ', 33, 43, 'Dr.Tony''s Super Speciality Eye Institute\r\nOpp.Govt Higher Secondary School,\r\nHigh Road,Aluva-683101.Cochin, Kerala.', 'stfmedicare@gmail.com', '+91484-2633370', '+91484-2633371', '+91484-2633372', 'www.drtonyseyehospital.com', ' ', '2012-03-17 11:43:09', '0000-00-00 00:00:00'),
(114, 'Rushabh Eye Hospital &amp; Laser Centre', 26, 27, 'Rushabh Eye Hospital &amp; Laser Centre\r\n''RUSHABH'', 18th Road,Near Ambedkar Garden,\r\nChembur, Mumbai-400071.India.', 'info@rushabheyehospital.com', '+91 22 2528 862', ' ', '+91 22 2529 484', 'www.rushabheyehospital.com', ' ', '2012-03-17 11:49:46', '0000-00-00 00:00:00'),
(115, 'SK Soni Hospital', 25, 25, 'SK Soni Hospital\r\nSector-5, Vidhadhar Nagar,\r\nMain Sikar Road,Jaipur-302013,Rajasthan.', ' ', '0141-2232409', ' ', ' ', 'www.sonihospitals.in', ' ', '2012-03-17 11:52:36', '0000-00-00 00:00:00'),
(116, 'Aravali Hospital Pvt. Ltd', 25, 48, 'Aravali Hospital Pvt. Ltd.\r\n332,Ambamata Scheme\r\nUdaipur-313 004,Rajasthan.', 'aravalihospital@yahoo.com', '0294-2430222', ' ', '0294-243 1222', 'www.aravalihospital.in', ' ', '2012-03-17 12:18:05', '0000-00-00 00:00:00'),
(117, 'Cosmo Hospital', 22, 26, 'Cosmo Hospital\r\nSec 62, Phase 8,\r\nMohali,Punjab-110052,India.', 'office@cosmohospital.com', '0172-2215381', '0172-6545644', '0172-3936130', 'www.cosmohospital.com', ' ', '2012-03-17 12:21:33', '0000-00-00 00:00:00'),
(118, 'Silver Oaks Hospital', 22, 26, 'Silver Oaks Hospital\r\nPhase IX, Sector - 63\r\nSAS Nagar,Mohali, Punjab.\r\n\r\n', ' ', '91-172-2211308', '91-172-2211309', ' ', 'www.silveroakshospital.co', ' ', '2012-03-17 12:25:06', '0000-00-00 00:00:00'),
(119, 'Dr.U.Mohan Rau Memorial Hospital ', 23, 23, 'Dr.U.Mohan Rau Memorial Hospital\r\n962, Poonamallee High Road,\r\nChennai - 600 084.', 'mmr@mohanraohospital.com', '91-44-26424396', '91-44-26411621', ' ', 'www.mohanraohospital.com', ' ', '2012-03-17 12:28:36', '0000-00-00 00:00:00'),
(120, 'Sooriya Hospital', 23, 23, 'Sooriya Hospital\r\nNo.1, Arunachalam Road, Saligramam, \r\nChennai - 600 093,Tamilnadu, India .', 'info@sooriyahospital.com', '91-44-23761751', '91-44-23761756', '91-44-23761757 ', 'www.sooriyahospital.com', '  ', '2012-03-17 14:13:35', '2012-03-17 14:15:31'),
(121, 'VIJAYA HOSPITAL', 23, 23, 'VIJAYA HOSPITAL \r\n180, NSK SALAI,VADAPALANI, \r\nChennai-600 026. Tamil Nadu.', 'contact@vijayahospital.org', '44-24802221', '44-24801602 ', ' ', 'www.vijayahospital.org', ' ', '2012-03-17 14:17:19', '0000-00-00 00:00:00'),
(122, 'SRI RAMAKRISHNA HOSPITAL ', 23, 47, 'SRI RAMAKRISHNA HOSPITAL\r\n395, Sarojini Naidu Road, \r\nSiddhapudur,Coimbatore - 641 044. \r\nTamil Nadu. India.', 'designer@sriramakrishnahospital.com', '0422-4500000', ' ', '0422-2210521', 'www.sriramakrishnahospital.com', ' ', '2012-03-17 14:20:33', '0000-00-00 00:00:00'),
(123, 'Credence Hospital', 33, 41, '\r\nCredence Hospital\r\nNear Ulloor bridge,Trivandrum,\r\nKerala,India. 695011 ', 'info@credencehospital.com', '+91 471 2554 34', ' ', ' +91 471-255434', '  ', ' ', '2012-03-17 21:20:55', '0000-00-00 00:00:00'),
(124, 'Mediciti Hospitals', 32, 33, 'Mediciti Hospitals\r\n5-9-22, Secretariat Road\r\nHyderabad – 500 063,Andhra Pradesh', 'info@medicitihospitals.com', '+91-40-23231111', ' ', '+91-40-23231631', 'www.sujana.com/healthcare', ' ', '2012-03-17 21:24:07', '0000-00-00 00:00:00'),
(125, 'Ruby General Hospital', 30, 31, 'Ruby General Hospital\r\nKasba Golpark, E. M. Bypass\r\nKolkata, WestBengal - 700 107 (India).', 'ruby@rubyhospital.com', '+91-33-39871800', '+91-33-24426091', '+91-33-24431588', 'www.rubyhospital.com', ' ', '2012-03-17 21:27:18', '0000-00-00 00:00:00'),
(126, 'Sanjeevani Surgical &amp; General Hospital ', 26, 27, 'Sanjeevani Surgical &amp; General Hospital\r\nBhavani Chambers,Kedarmal Road,Rani Sati Marg, \r\nMalad(E), Mumbai 400097', 'info@sanjeevanihospital.com', '+91 22 28445678', '  ', '+91 22 28442058', 'www.sanjeevanihospital.com', ' ', '2012-03-17 21:31:19', '0000-00-00 00:00:00'),
(127, 'Aditya Birla Memorial Hospital ', 26, 38, 'Aditya Birla Memorial Hospital\r\nAditya Birla Hospital Marg\r\nChinchwad,Pune 411 033\r\nMaharashtra,India', '  ', '+91-20-3071 765', '  ', '  ', 'www.adityabirlahospital.com', '  ', '2012-03-17 21:34:18', '0000-00-00 00:00:00'),
(128, 'Sahyadri Specialty Hospital ', 26, 38, 'Sahyadri Specialty Hospital\r\nDeccan Gymkhana,30C,Erandawane,Karve Road,\r\nPune – 411 004, Maharashtra,India', 'info@sahyadrihospitals.com', '020-67213000 ', '020-25403040', '  ', 'www.sahyadrihospital.com', '  ', '2012-03-17 21:36:25', '0000-00-00 00:00:00'),
(129, 'GBH American Hospital', 25, 48, 'GBH American Hospital\r\n101, Kothi Bagh, Bhatt Ji Ki Bari,\r\nMeera Girls College Road,Udaipur-313001 (Raj.)', 'contact@gbhamerican.com', '0294-3056000', '0294-2428701', '0294-2526982', 'www.gbhamericanhospital.com', ' ', '2012-03-29 10:50:14', '2012-03-29 10:57:03'),
(130, 'Breach Candy Hospital Trust', 26, 27, 'Breach Candy Hospital Trust\r\n60 A Bhulabhai Desai Road\r\nMumbai : 400026', 'info@breachcandyhospital.org', '+91-22–23667949', '+91-22-23667788', ' ', 'www.breachcandyhospital.org ', ' ', '2012-03-29 10:54:24', '0000-00-00 00:00:00'),
(131, 'Hira mongi navneet hospital', 26, 27, 'Hira mongi navneet hospital\r\nValji ladha road ,mulund(w),Mumbai-400080.', 'admin@hmnhospital.com', '22-25915577', '22-25600550', '22-25601636', 'www.hmnhospital.com', ' ', '2012-03-29 10:59:27', '0000-00-00 00:00:00'),
(132, 'Lifeline Multi Speciality Hospital', 23, 23, 'Lifeline Multi Speciality Hospital\r\n5/639, Old Mahabalipuram Road\r\nKandanchavadi,Perungudi,Chennai 600 096.', 'enquiry@lifelinehospitals.com', '044 - 4245 4545', '  ', '  ', 'www.lifelinehospitals.com', '  ', '2012-03-29 11:04:47', '0000-00-00 00:00:00'),
(133, 'LIFELINE HOSPITAL', 33, 46, 'LIFELINE HOSPITAL\r\n14th Mile, Melood P.O, Adoor,Distt-Pathanamthitta\r\nKerala, India: 691523', 'info@lifelinehospitalkerala.com', '+91 4734 223377', '+91 4734 228373', '  ', 'www.lifelinehospitalkerala.com', '  ', '2012-03-29 11:09:51', '0000-00-00 00:00:00'),
(134, 'Frontier Lifeline', 23, 23, 'Frontier Lifeline \r\nR-30C, Ambattur Industrial Estate Road,Chennai-600101', 'drkmc@frontierlifeline.com', '91 44 26564224', '91 44 42017575 ', '91 44 26565150', 'www.frontierlifeline.com', '  ', '2012-03-29 11:13:12', '0000-00-00 00:00:00'),
(135, 'Lifeline Hospital Wagholi', 26, 38, 'Lifeline Hospital Wagholi\r\nOpposite Keshnand Naka,\r\nPune-Nagar Road,Wagholi,Pune,Maharashtra-412207', 'lifelinehospitalwagholi@gmail.com', '(020) 27051444', '   ', '(020) 27051444', ' www.lifelinehospital.in', '   ', '2012-03-29 11:16:43', '0000-00-00 00:00:00'),
(136, 'Noble Hospital', 26, 38, 'Noble Hospital\r\n153, Magarpatta City Road\r\nHadapsar,Pune 411013.', 'noblehospital@gmail.com', '020 66285000', '020-43285000', '020 66285199', 'www.noblehospitalspune.com', '  ', '2012-03-29 11:19:27', '0000-00-00 00:00:00'),
(137, 'Noble Hospital &amp; Research Centre', 26, 49, 'Noble Hospital &amp; Research Centre\r\nPremdan Chowk, Shirdi Road,\r\nSavedi, Ahmednagar - 414 003.', 'noble.hospital@yahoo.co.in', '0241-2421290', '0241-2421291', '0241-2421911', 'www.noblehospitalanr.com', '  ', '2012-03-29 11:22:33', '0000-00-00 00:00:00'),
(138, 'Oyster &amp; Pearl Hospital', 26, 38, 'ONP Hospital\r\n1671-75,Ganeshkhind Road,Near Hotel Pride\r\nShivaji Nagar,Pune.', 'mail@onphospital.com', '020-302052525', '020-32600750', '  ', 'www.onphospital.com', '  ', '2012-03-29 11:25:33', '0000-00-00 00:00:00'),
(139, 'Sant Dnyaneshwar Hospital', 26, 38, 'Sant Dnyaneshwar Hospital\r\nHira Plaza, Pune Nashik Highway, Bhosari, \r\nPune - 411039.', 'sdhpl@rediffmail.com', '(020) 27119494', '(020) 27129494', '   ', 'www.santdnyaneshwarhospital.com', '  ', '2012-03-29 11:27:59', '0000-00-00 00:00:00'),
(140, 'SURYA HOSPITAL &amp; ICCU', 26, 27, 'SURYA HOSPITAL &amp; ICCU\r\nPlot No. 21-B, Sector - 11,\r\nNear Ayyappa Temple, \r\nNerul, Navi Mumbai - 400 706.', '  ', '022 - 2771 4481', '022 - 2771 4482', '  ', 'www.suryahospitalnerul.co.in', '  ', '2012-03-29 15:29:51', '0000-00-00 00:00:00'),
(141, 'Surya Multispeciality Hospital', 23, 52, 'Surya Multispeciality Hospitals Ind Pvt. Ltd.\r\nTank Street,Hosur- 635109,Tamil Nadu.', 'suryahospitalhosur@gmail.com', '04344-220405', '04344-221405', '04344-220399', 'www.suryahospital.com', '  ', '2012-03-29 15:35:18', '0000-00-00 00:00:00'),
(142, 'Vertex Hospital', 26, 27, 'Vertex Hospital\r\nVeena Nagar Phase 2 , Tusli Pipe Line Road, \r\nNear Swapna Nagari Rd &amp; Model Township, \r\nOff: L.B.S. Road,Mulund(w).Mumbai-80,Mahahrashtra.', 'ha@vertexhospital.in', '022-25604488 ', '022-25933322', '  ', 'www.vertexhospital.in', '  ', '2012-03-29 15:39:45', '0000-00-00 00:00:00'),
(143, 'Sahyadri Hospital, Bibvewadi', 26, 38, 'Sahyadri Hospital, Bibvewadi\r\nCenter of Excellence for Diabetes,Plot No.13 S.No.573,City No.281\r\nSwami Vivekananda Marg,Bibvewadi,Pune–411 037,Maharashtra.', 'bibvewadiadmin@sahyadrihospitals.com', '020-67213700', '020-24217187', '   ', 'www.sahyadrihospital.com', '   ', '2012-03-29 15:43:06', '0000-00-00 00:00:00'),
(144, 'Sahyadri Hospital, Bopodi', 26, 38, 'Sahyadri Hospital, Bopodi\r\nNext to Bopodi Police Chowky,Bopodi,\r\nPune – 411 020,Maharashtra,India.', 'bopodiadmin@sahyadrihospitals.com', '020-66319800', '020-25820233', '  ', ' www.sahyadrihospital.com', ' ', '2012-03-29 15:46:43', '0000-00-00 00:00:00'),
(145, 'Sahyadri Hospital, Fatimanagar', 26, 38, 'Sahyadri Hospital, Fatimanagar\r\nFatima Convent Sahyadri Clinic\r\nFatima Convent Compound,Near Vishal Mega Mart,Fatimanagar,\r\nPune – 411 013, Maharashtra, India.', '   ', '020-67213700', '020-24217187', '  ', ' www.sahyadrihospital.com ', '  ', '2012-03-29 15:50:03', '2012-03-29 15:51:19'),
(146, 'Sahyadri Hospital, Hadapsar', 26, 38, 'Sahyadri Hospital, Hadapsar\r\nG&amp;G Towers,S.No.153/A,Hissa No.\r\n1 to 4/21 ,Magarpatta,Pune-Solapur Road,\r\nHadapsar,Pune–411 028, Maharashtra.', 'hadapsaradmin@sahyadrihospitals.com', '020-67213400', '020-26890401', '  ', 'www.sahyadrihospital.com', '  ', '2012-03-29 15:53:08', '0000-00-00 00:00:00'),
(147, 'Sahyadri Hospital, Kothrud', 26, 38, 'Sahyadri Hospital, Kothrud\r\nPlot No. 9B, Neena Society, Sn. 148 4A,\r\nB. Paud Road, Opp. Vanaz Factory, Kothrud,\r\nPune–411 038, Maharashtra,India.', 'kothrud@sahyadrihospitals.com', '020-67213300', '  ', '  ', 'www.sahyadrihospital.com', '  ', '2012-03-29 15:55:52', '0000-00-00 00:00:00'),
(148, 'Sahyadri Speciality Hospital,Karad', 26, 50, 'Sahyadri Speciality Hospital Karad\r\nDadasaheb Chavan Nagar,A/P Warunji Phata,\r\nKarad - 415110, Maharashtra, India.', 'karadadmin@sahyadrihospitals.com', '02164 - 661800', '02164 - 227227', '   ', 'www.sahyadrihospital.com', '  ', '2012-03-29 15:59:35', '0000-00-00 00:00:00'),
(149, 'Yashodhara Superspeciality Hospital', 26, 51, 'Yashodhara Superspeciality Hospital\r\n6158, Siddheshwar Peth, Near Zilla Parishad ofiice,\r\nSolapur 413003(Maharashtra)', 'contact@yashodharhospital.com ', '0217-2323001', '0217-2323002', '0217-2323003', 'www.yashodharahospital.org', '  ', '2012-03-29 16:02:38', '0000-00-00 00:00:00'),
(150, 'CARE Banjara', 32, 33, 'CARE Banjara\r\nRoad no 1,Banjara Hills, \r\nHyderabad-500 034.', 'info@carehospitals.com', '040-30418888', '040-66668888', '040-30418488', 'www.carehospitals.com', '  ', '2012-03-29 21:27:32', '0000-00-00 00:00:00'),
(151, 'CARE Nampally', 32, 33, 'CARE Nampally\r\nExhibition Grounds Road,\r\nNampally, Hyderabad - 500001.', 'info@carehospitals.com', '91-040-30417777', '  ', '91-040-30417488', 'www.carehospitals.com', '  ', '2012-03-29 21:31:00', '0000-00-00 00:00:00'),
(152, 'Gurunanak CARE Hospital', 32, 33, 'Gurunanak CARE Hospital\r\nD.No. 1-4-908/7/1\r\nOpp. Raja Delux,Musheerabad,Hyderabad-500020.', 'info@carehospitals.com', '91-040-3021 900', '91-040-3021 911', '  ', 'www.carehospitals.com', '  ', '2012-03-29 21:33:54', '0000-00-00 00:00:00'),
(153, 'CARE Secunderabad', 32, 53, 'CARE HOSPITAL\r\nNear Clock Tower, \r\nSecunderabad,Andhra Pradesh – 500003.', 'info@carehospitals.com', '040 – 30114500', '  ', '  ', 'www.carehospitals.com', '  ', '2012-03-29 21:38:30', '0000-00-00 00:00:00'),
(154, 'CARE Vizag', 32, 36, 'CARE HOSPITAL(VISAKHA HOSPITALS &amp; DIAGNOSTICS LTD.)\r\nA.S. Raja Complex,10-50-11/5,\r\nWallair Main Road,Ramnagar,Visakhapatnam–530 002.', 'info@carehospitals.com', '0891 - 3041444 ', '  ', '  ', 'www.carehospitals.com', '  ', '2012-03-29 21:41:56', '0000-00-00 00:00:00'),
(155, 'CARE Vizag-II', 32, 36, 'CARE Hospitals \r\nD.No.17-1-1, KGH Road\r\nMaharani Peta,Vizag-530002,Andhra Pradesh.', 'info@carehospitals.com', '0891-3067022', '0891-3067044', '  ', 'www.carehospitals.com', '  ', '2012-03-29 21:45:38', '0000-00-00 00:00:00'),
(156, 'CARE Nagpur', 26, 55, 'CARE Hospital\r\n3 Farm land,Panchsheel Square,\r\nRamdaspeth,Wardha Road,Nagpur - 440010.', 'carenagpur@carehospitals.com', '0712 - 3982222', '0712- 2440888', '   ', 'www.carehospitals.com', '   ', '2012-03-29 21:49:48', '0000-00-00 00:00:00'),
(157, 'CARE Raipur', 29, 30, 'RAMKRISHNA CARE HOSPITAL,\r\nAurobindo Enclave,Pachpedhi Naka,\r\nDhamtari Road, N.H.43,Raipur(C.G)-492001.', 'info@carehospitals.com', '0771-3003300', '  ', '  ', 'www.carehospitals.com', '   ', '2012-03-29 21:53:10', '0000-00-00 00:00:00'),
(158, 'CARE Galaxy', 26, 38, 'GALAXY LAPAROSCOPY INSTITUTE\r\nCentre for advanced laparoscopy,Near Garware College,\r\n25-A Karve Road,Pune - 411004 India.', 'info@carehospitals.com', '+91-20-30244100', '   ', '020-25466122', 'www.carehospitals.com', '  ', '2012-03-29 21:56:36', '0000-00-00 00:00:00'),
(159, 'CARE Bhubaneswar ', 34, 56, 'Aditya CARE Hosptial\r\nPlot No.329/1929(P),Near Municipal Kalyan Mandap\r\nChandrasekharpur,Bhubaneswar – 751014.', 'info@carehospitals.com', '0674-3053200', '  ', '  ', 'www.carehospitals.com', '  ', '2012-03-29 22:01:24', '0000-00-00 00:00:00'),
(160, 'CARE Surat', 31, 57, 'CARE Surat\r\nOpp.Dhiraj Sons,Athwa Gate Circle,\r\nGajjarwadi,Surat.', 'info@carehospitals.com', '0261 3927777', '  ', '  ', 'www.carehospitals.com', '  ', '2012-03-29 22:04:10', '0000-00-00 00:00:00'),
(161, 'Kohinoor Hospital', 26, 27, 'Kohinoor Hospital\r\nKirol Road, Off LBS Road, Kurla(West)Mumbai 400070.', 'info@kohinoorhospitals.in', '+91 22 67556755', '+91 22 30553055', '+91 22 67556800', ' www.kohinoorhospitals.in', '   ', '2012-03-30 11:14:20', '0000-00-00 00:00:00'),
(162, 'Amar Hospital Patiala', 22, 58, 'Amar Hospital\r\n8,Income Tax road\r\nBank Colonym,Patiala-147001, Punjab.', 'info@amarhospital.com ', '0175-2221225', '0175-2221727', '   ', 'www.amarhospital.com', '  ', '2012-03-30 15:31:47', '2012-03-30 15:32:37'),
(163, 'Amar Hospital Mohali', 22, 26, 'Amar Hospital \r\nSector 70,S.A.S. Mohali-Punjab.', 'contact@amarhospital.net', '0172-5037683', '0172-5063943', '0172-5063943', 'www.amarhospital.net', '  ', '2012-03-30 15:35:59', '0000-00-00 00:00:00'),
(164, 'Goyal Hospital Jaipur', 25, 25, 'Goyal Hospital Jaipur\r\nA-1, Near Police Station, \r\nShashtri Nagar,Jaipur,Rajasthan 302016.', 'info@goyalhospital.com', '+91-141-2280940', '   ', '+91-141-2281938', 'www.goyalhospital.com', '  ', '2012-03-30 15:42:46', '0000-00-00 00:00:00'),
(165, 'Jindal Super Speciality Hospital', 25, 59, 'Jindal Super Speciality Hospital\r\nS.P.M. Nagar, Bharatpur-321001,Rajasthan.', 'rjhospital@gmail.com', '+91-5644-236800', '+91-5644-236550', '+91-5644-236629', 'www.jindalhospital.com', '  ', '2012-03-30 15:46:13', '0000-00-00 00:00:00'),
(166, 'SANIA HOSPITAL', 25, 60, 'SANIA HOSPITAL\r\n248-249, N. E. B. Subhash Nagar,\r\nShoping Complex, OverBriz Road, Alwar.', '  ', '0144 - 2373369', '0144 - 2372990', '   ', 'www.saniahospital.com', '   ', '2012-03-30 15:49:25', '0000-00-00 00:00:00'),
(167, 'Apex Hospital', 25, 25, 'Apex Hospital\r\nSP-4 &amp; 6, Malviya Industrial Area,\r\nMalviya Nagar, Jaipur- 302017,Rajasthan.', 'info@apexhospital.in', '+91-141-4101201', '+91-141-2751871', '+91 141 2751006', 'www.apexhospital.in', '   ', '2012-03-30 15:52:56', '0000-00-00 00:00:00'),
(168, 'Santokba Durlabhji Memorial Hospital', 25, 25, 'Santokba Durlabhji Memorial Hospital\r\nBhawani Singh Marg,\r\nNear Rambagh circle,Jaipur-302015(Rajasthan)', 'info@sdmh.in', '91-141-2566251', '91-141-2566258', '91-141-5110209', 'www.sdmh.in', '  ', '2012-03-30 16:00:00', '0000-00-00 00:00:00'),
(169, 'Career Institute of Medical Sciences', 35, 61, 'Career Institute of Medical Sciences\r\nCareer College Campus, \r\nOpp. Dushehara Maidan,Govindpura, Bhopal.', 'info.cims03@gmail.com', '0755-2488680', '0755-2488090', '0755-2488390', 'www.cims.org.in', '  ', '2012-03-30 16:03:48', '0000-00-00 00:00:00'),
(170, 'Metro Hospital &amp; Trauma Centre', 28, 62, 'Metro Hospital &amp; Trauma Centre\r\nAddress: 1/25, Vijay Khand, Gomti Nagar,\r\nLucknow(UP), India. Pin: 226010.', 'info@metrohosplko.com', '0522-2302100', '0522-2393100', '  ', 'www.metrohosplko.com', '   ', '2012-03-30 16:07:18', '0000-00-00 00:00:00'),
(171, 'Metro Hospital and Research Centre', 28, 63, 'Metro Hospital and Research centre\r\nHN Singh Chowk,Medical College Road,\r\nGorakhpur, U.P.', 'metrohospitalgkp@gmail.com', '+91 0551 250003', '  ', '   ', 'www.metrohospital.co.in', '  ', '2012-03-30 16:14:14', '0000-00-00 00:00:00'),
(172, 'METRO HEART INSTITUTE WITH MULTISPECIALITY', 24, 24, 'METRO HEART INSTITUTE WITH MULTISPECIALITY\r\nSECTOR 16 A,FARIDABAD (NCR)-127001.', '  ', '0129-4277777', '98115-61000', '   ', 'www.metrohospitalfaridabad.com', '  ', '2012-03-30 16:17:55', '0000-00-00 00:00:00'),
(173, 'Metro Heart Institute', 28, 29, 'Metro Hospital &amp; Heart Institute (Cardiology Wing) \r\nX-1,Sector 12, Noida 201301,NCR,Delhi.', 'mhinoida@metrohospitals.com', '0120-4366666', '0120-2533491', '0120-2533487', 'www.metrohospitals.com', ' ', '2012-03-30 16:22:55', '0000-00-00 00:00:00'),
(174, 'Metro Hospital &amp; Cancer Institute', 21, 21, 'Metro Hospital &amp; Cancer Institute\r\n21, Community Centre, Preet Vihar, Delhi -92.', 'metropreetvihar@metrohospitals.com', '011-22019857', '011-22460000', '011-22526671', 'www.metrohospitals.com', '  ', '2012-03-30 16:26:05', '0000-00-00 00:00:00'),
(175, 'Metro Hospital  Lajpat Nagar ', 21, 21, 'Metro Hospitals &amp; Heart Institute\r\n14, Ring Road, Lajpat Nagar IV, New Delhi-110 024.', 'mhilajpatnagar@metrohospitals.com', '011-26442277', '011-26237963', '011-26481356', 'www.metrohospitals.com', ' ', '2012-03-30 16:29:53', '0000-00-00 00:00:00'),
(176, 'Metro Heart Institute &amp; RLKC Hospital', 21, 21, 'Metro Heart Institute &amp; RLKC Hospital\r\nPandav Nagar, Naraina Road, New Delhi.', 'metrorlkc@metrohospitals.com', '011-25891015', '   ', '011-25891033', 'www.metrohospitals.com', '  ', '2012-03-30 16:34:15', '0000-00-00 00:00:00'),
(177, 'Ayush Hospitals &amp; Trauma Care (P) Ltd.', 34, 56, 'Ayush Hospitals &amp; Trauma Care (P) Ltd\r\nRegd. Office: Plot No -13/14,Bhoi Nagar, \r\nAchayra Vihar Square,Bhubaneswar - 751022,Orissa. ', 'info@ayushhospitals.com', '+91 674 7111100', '+91 674 7111199', '+91 674 2545003', 'www.ayushhospitals.com', '  ', '2012-03-30 16:39:06', '0000-00-00 00:00:00'),
(178, 'Jammu Hospital', 22, 64, 'Jammu Hospital\r\nKapurthala Road,Near Sports College\r\nJalandhar-14401 (Punjab) India.', 'info@jammuhospital.com', '091-181-2259600', '091-181-3292442', '091-181-2203515', 'www.jammuhospital.com', '  ', '2012-03-30 16:49:04', '0000-00-00 00:00:00'),
(179, 'Amit Hospital', 31, 65, 'Amit Hospital\r\nOpp. Avabai High School, Halar Road,\r\nValsad - 396001.Gujarat.', 'info@amithospital.com', '02632  302000 ', '   ', '  ', 'www.amithospital.com', '  ', '2012-03-30 16:52:49', '0000-00-00 00:00:00'),
(180, 'Ashwini Hospital', 34, 66, 'Ashwini Hospital Sector -1,\r\nCDA, Cuttack - 753014, Orissa,India.', 'contact@ashwinitrauma.com', '91-671-2363007', '91-671-2363008', '  ', 'www.ashwinitrauma.com', '  ', '2012-03-30 17:27:23', '0000-00-00 00:00:00'),
(181, 'Aditya Diagnostics &amp; Hospitals', 36, 67, 'Aditya Diagnostics &amp; Hospitals\r\nBordoloi Avenue. Paltan Bazar. Dibrugarh.\r\nAssam (India). Pin- 786005.', 'info@adityahospitals.org', '+91-373-2302219', '+91-373-2302225', '373-2302227 ', 'www.adityahospital.org', '  ', '2012-03-30 17:32:03', '0000-00-00 00:00:00'),
(182, 'Woodlands Multispeciality Hospital Limited', 30, 31, 'Woodlands Multispeciality Hospital Limited\r\n8/5, Alipore Road, Kolkata – 700 027.', 'enquiry@woodlandshospital.in', '033-24567075', '033-24567089', '033-24567090', 'www.woodlandshospital.in', '  ', '2012-03-30 17:36:58', '0000-00-00 00:00:00'),
(183, 'BLK Super Speciality Hospital', 21, 21, 'BLK Super Speciality Hospital\r\nPusa Road, \r\nNew Delhi-110005.', 'info@blkhospital.com', '+91-11-30403040', '  ', '   ', 'www.blkhospital.com', '  ', '2012-03-30 22:36:34', '0000-00-00 00:00:00'),
(184, 'Nova Specialty Surgery,Koramangala', 27, 28, 'Nova Specialty Surgery, Koramangala\r\nOpus, 143,1st Cross, 5th Block, \r\nKoramangala, Bengaluru-560 034.', '   ', '+91 80 4348 555', '  ', '+91 80 4348 556', 'www.novaspecialtysurgery.com/koramangala', ' ', '2012-03-30 22:41:43', '2012-03-30 22:49:45'),
(185, 'Nova Specialty Surgery NCR Region', 21, 21, 'Nova Specialty Surgery NCR Region Pvt Ltd\r\nA-19/A, Kailash Colony,\r\nNew Delhi-110048.', '  ', '+91 11 40465555', '  ', '+91 11 40465556', 'www.novaspecialtysurgery.com/kailash-colony.html', ' ', '2012-03-30 22:45:24', '0000-00-00 00:00:00'),
(186, 'Nova Specialty Surgery, Karol Bagh', 21, 21, 'Nova Specialty Surgery, Karol Bagh\r\n66A/2, New Rohtak Road,\r\nKarol Bagh, New Delhi - 110005.', ' ', '+91 011 4004330', '   ', '+91 011 4004333', 'www.novaspecialtysurgery.com/karol-bagh.html', '  ', '2012-03-30 22:52:09', '0000-00-00 00:00:00'),
(187, 'Nova Specialty Surgery, Mumbai', 26, 27, 'Nova Specialty Surgery, Mumbai\r\nSunder Baug, Ujagar Compound,Opp. Deonar Bus Depot Main Gate\r\nOff.Sion–Trombay Road,(Landmark:Near.Tata Institute Of Social \r\nSciences) Deonar, Chembur, Mumbai-400088.', '   ', '+91 22 43344600', '+91 22 43344609', '   ', 'www.novaspecialtysurgery.com/chembur.html', '  ', '2012-03-30 22:59:15', '0000-00-00 00:00:00'),
(188, 'Nova Specialty Surgery, Tardeo', 26, 27, 'Nova Specialty Surgery, Tardeo\r\nFamous Cine Labs,156, Pt. M. M. Malviya Rd.,\r\nTardeo, Mumbai - 400 034,\r\nLandmark: Next to Sardar Pav Bhaji Hotel.', '  ', '+91 22 43324500', '   ', '   ', 'www.novaspecialtysurgery.com/tardeo.html', '  ', '2012-03-30 23:02:37', '0000-00-00 00:00:00'),
(189, 'Aakash Hospital', 21, 21, 'Aakash Hospital\r\n90/43, Malviya Nagar,\r\nNew Delhi 110017.', 'info@aakashhospital.com', '+91-11-40501000', '   ', '   ', 'www.aakashhospital.com', '  ', '2012-03-30 23:09:09', '0000-00-00 00:00:00'),
(190, 'AASHLOK Nursing Home Pvt. Ltd.', 21, 21, 'AASHLOK Nursing Home Pvt. Ltd.\r\n25 AB,Community Centre,\r\nSafdarjung Enclave,New Delhi - 110029.', '   ', '+91-11-46165901', '+91-11-26165901', '   ', 'www.aashlok.com', '  ', '2012-03-30 23:12:26', '0000-00-00 00:00:00');
INSERT INTO `hospitals` (`id`, `name`, `state_id`, `city_id`, `address`, `email`, `phone`, `phone1`, `fax`, `web`, `other_info`, `created_at`, `updated_at`) VALUES
(191, 'Anand Hospital', 31, 57, 'Anand Hospital\r\nPor Mahollo, Athugar Street, Opp. State Bank of India. \r\nNanpura Timaliyawad, Surat (Gujarat). India.', 'jrsonco@yahoo.com', '+91 0261 247426', '+91 0261 247422', '   ', 'www.anandhospitalindia.com', '    ', '2012-03-30 23:17:08', '0000-00-00 00:00:00'),
(192, 'Arya Hospital', 21, 21, 'Arya Hospital\r\nC-1/101,Pankha Road, Janak Puri, \r\nNew Delhi - 110 058.', 'info@aryahospital.in', '011-41574208', '011-41574209', '011-41574809', 'www.aryahospital.in', ' ', '2012-03-30 23:19:59', '0000-00-00 00:00:00'),
(193, 'Singh Nursing Home', 21, 21, 'Singh Nursing Home\r\nD-236, VIVEK VIHAR, \r\nDELHI-110095.', 'contact@singhnursinghome.com', '011-22144361', '011-22154361', '   ', 'www.singhnursinghome.com', '   ', '2012-03-30 23:23:19', '0000-00-00 00:00:00'),
(194, 'AYUSHMAN HOSPITAL', 21, 21, 'AYUSHMAN HOSPITAL\r\nPLOT NO.2, SECTOR-12 \r\nDWARKA DELHI - 110075.', 'ayushman_msh@yahoo.com', '011-42811114', '011-42811115', '011-45537001', 'www.ayushmanhospital.co.in', '  ', '2012-03-30 23:34:00', '0000-00-00 00:00:00'),
(195, 'Batra Hospital &amp; Medical Research Centre', 21, 21, 'Batra Hospital &amp; Medical Research Centre\r\n1, Tughlakabad Institutional Area, Mehrauli Badarpur Road,\r\nNew Delhi-110062.', 'info@batrahospitaldelhi.org', '91-11-29958747', '91-11-29957487', '91-11-29956255', 'www.batrahospitaldelhi.org', '  ', '2012-03-30 23:41:39', '0000-00-00 00:00:00'),
(196, 'Bhagat Hospital', 21, 21, 'Bhagat Hospital \r\nD-2/48-49 Janak Puri, New Delhi 110058.', 'director@bhagathospital.com', '011- 45102030', '   ', '011-28521300', 'www.bhagathospital.com', '  ', '2012-03-31 16:37:56', '0000-00-00 00:00:00'),
(197, 'Bhagat Chandra Hospital ', 21, 21, 'Bhagat Chandra Hospital \r\nRZ-F 1/1 Mahavir Enclave Palam Dabri Road, \r\nNear Dwarka Airport Flyover Delhi 110046.', 'director@bhagathospital.com', '011 45254525', '   ', '011- 45254530', 'www.bhagathospital.com', '  ', '2012-03-31 17:00:20', '0000-00-00 00:00:00'),
(198, 'Bhatia Global Hospital and Endosurgery Institute', 21, 21, 'Bhatia Global Hospital and Endosurgery Institute\r\n307-308,Ambika Vihar,Opp. Central School,\r\nPaschim Vihar,New Delhi- 110087.', 'bhatiaglobal@gmail.com', '91-11-25270500', '91-11-25270701', '+91-11-25273200', 'www.bhatiaglobalhospital.com', ' ', '2012-03-31 17:04:22', '2012-03-31 17:08:10'),
(199, 'BRAHM SHAKTI HOSPITAL', 21, 21, 'BRAHM SHAKTI HOSPITAL\r\nU1/78, Budh Vihar, New Delhi, \r\nDelhi 110086, India.', 'enquiry@brahmshaktihospital.com', '011 27531683', '+91-9312751269', '  ', 'www.brahmshaktihospital.com', '   ', '2012-03-31 17:09:32', '0000-00-00 00:00:00'),
(200, 'City Hospital', 21, 21, 'City Hospital \r\nB-1 / 1 N.E.A, Pusa Road, \r\nNew Delhi-110060.', 'info@cityhospitalindia.in ', '91-11-42255555', '    ', '91-11-25742360', 'www.cityhospitalindia.com', '  ', '2012-03-31 17:13:57', '0000-00-00 00:00:00'),
(201, 'Sunderlal Jain Hospital', 21, 21, 'Sunder lal Jain Hospital\r\nAshok Vihar,Phaze - III\r\nDelhi-110052.', '  ', '+91 11 47030900', '  ', '+91 11 47030900', 'www.sljhospital.com', ' ', '2012-03-31 22:00:08', '0000-00-00 00:00:00'),
(202, 'Dr.Sunder Lal Memorial Hospital', 21, 21, 'Dr. Sunder Lal Memorial Hospital\r\nC-201,Jawahar Park, Devli Road,\r\nKhanpur,Delhi, 110062(India).', 'dranilvij@slmhospital.com', '+91-011-2991564', '   ', '+91-011-2997085', 'www.slmhospital.com', '   ', '2012-03-31 22:05:30', '0000-00-00 00:00:00'),
(203, 'Family Hospital', 21, 21, 'FAMILY HOSPITAL\r\nWZ26-A, NEW SAHIBPURA, OPP. CRPF CAMP,\r\nTILAK NAGAR, NEW DELHI-110018.', 'response@familyhospital.co.in', '11-28331885', '11-28334549', '11-28334549', 'www.familyhospital.co.in', '  ', '2012-03-31 22:09:37', '0000-00-00 00:00:00'),
(204, 'GOYAL HOSPIAL &amp; RESEARCH CENTRE', 25, 68, 'GOYAL HOSPIAL &amp; RESEARCH CENTRE\r\n961/3, Residency Road, Opp. Rotary Hall,\r\nJodhpur-342003, Rajasthan, INDIA.', 'info@goyalhospital.org ', '+91-291-2432144', '+91-291-2434144', '+91-291-2624820', 'www.goyalhospital.org', '  ', '2012-03-31 22:14:08', '0000-00-00 00:00:00'),
(205, 'G.C.Gupta Hospital', 24, 69, 'G.C.Gupta Hospital\r\n372-373, Huda Sec-2, \r\nPanipat, Haryana,India-132103.', 'drgcgupta@gmail.com', '+91-180-2662653', '+91-180-2697848', '0180-4018061 ', 'www.gcguptahospital.com', '   ', '2012-03-31 22:22:39', '0000-00-00 00:00:00'),
(206, 'Gupta Hospital Dhamtari', 29, 70, 'Gupta Hospital Dhamtari\r\nMULTI SPECIALITY RESEARCH &amp; MATERNITY CENTER\r\nRATNA BANDHA, ROAD, DHAMTARI,Chhattisgarh.', '  ', '07722-237369', '   ', '     ', 'www.guptahospitalcg.com', '     ', '2012-03-31 22:26:06', '0000-00-00 00:00:00'),
(207, 'Aditya Varma Hospital', 21, 21, 'Aditya Varma Hospital\r\nChitra vihar, Vikas Marg,Delhi-110092.', 'avhrc@rediffmail.com', '+91-11-22448008', '+91-11-22043893', '11-42440108', 'www.adityavarmahospital.com', ' ', '2012-03-31 22:29:06', '0000-00-00 00:00:00'),
(208, 'Bhagwati Hospital', 21, 21, 'Bhagwati Hospital\r\nCS/OCF-6, (Near Printer Apartment)\r\nSector-13, Rohini, Delhi-110085.', 'sarvodaya_foundation@yahoo.com', '91-11-27554179', '91-11-27554182', '   ', 'www.bhagwatihospital.co.in', '  ', '2012-03-31 22:36:03', '0000-00-00 00:00:00'),
(209, 'Bensups Multi Speciality Hospital', 21, 21, 'Bensups Multi Speciality Hospital\r\nSector 12, Dwarka Sector 12, Dwarka\r\nNew Delhi, Delhi 110075, India.', 'wecare@bensupshospital.com', '91-011 45550000', '   ', '     ', 'www.bensupshospital.com', '    ', '2012-03-31 22:39:35', '0000-00-00 00:00:00'),
(210, 'Delhi Heart and Lung Institute', 21, 21, 'Delhi Heart and Lung Institute \r\n3 - mm II, Panchkuian Road\r\nNew Delhi - 110 055, India.', 'info@dhli.in', '11-42999999', '11-23538351', '11-23514489', 'www.dhli.in', '   ', '2012-03-31 22:42:37', '0000-00-00 00:00:00'),
(211, 'Gandhi Nursing Home', 21, 21, 'Gandhi Nursing Home\r\nC-50, 51, OM VIHAR, UTTAM NAGAR,NEW DELHI - 110059.', 'Gandhi_doc2004@yahoo.com', '011-25335135', '011-25335099', '011-25333179 ', 'www.gandhinursinghome.com', '   ', '2012-03-31 22:47:30', '0000-00-00 00:00:00'),
(212, 'HANDA NURSING HOME', 21, 21, 'HANDA NURSING HOME\r\n57, Raja GardenNew Delhi-110015.', 'info@handanursinghome.com', '011-25433342', '011-25415726', '011-25162836', 'www.handanursinghome.com', '  ', '2012-03-31 22:49:50', '0000-00-00 00:00:00'),
(213, 'Hemraj Jain Hospital', 21, 21, 'Hemraj Jain Hospital\r\nNursing Home No.1,\r\nC-1, Janak Puri,New Delhi-110058.', 'tarunjain74@gmail.com', '+91-11-25551507', '+91-11-25511360', '11-25543383', 'www.hemrajjainhospital.com', '   ', '2012-03-31 22:52:25', '0000-00-00 00:00:00'),
(214, 'Bharti Eye Foundation', 21, 21, 'Bharti Eye Foundation\r\n1/3 East Patel Nagar, (Near Metro Station)\r\nNew Delhi - 110008.', 'info@bhartieyefoundation.com', '011-25889900', '011-25885533', '011 4248 1718', 'www.bhartieye.com', '  ', '2012-04-01 21:42:19', '0000-00-00 00:00:00'),
(215, 'Eye 7  Chaudhary Eye Centre', 21, 21, 'Eye 7 \r\nChaudhary Eye Centre &amp; Laser Vision \r\n4802, Bharat Ram Road, 24, Daryaganj,New Delhi-110002.', 'info@eye7.in', '011-23275893', '011-23278423', '011 - 41564340', 'www.spectacleremoval.com', '  ', '2012-04-01 21:45:43', '0000-00-00 00:00:00'),
(216, 'Indian Spinal Injuries Centre', 21, 21, 'Indian Spinal Injuries Centre \r\nSector C, Vasant Kunj,\r\nOpp. Vasant Valley School,New Delhi - 110070.', 'info@isiconline.org ', '011 42255225', '011 42255201', '   ', 'www.isiconline.org', '  ', '2012-04-01 21:49:36', '0000-00-00 00:00:00'),
(217, 'Jain Hospital', 21, 21, 'Jain Hospital\r\n177 - 178, Jagriti Enclave,\r\nVikas Marg Extn.,Delhi - 110092, India.', 'info@jainhospital.com', '+91 11 43055355', '+91 11 22146442', '+91 11 22161561', 'www.jainhospital.com', '  ', '2012-04-01 21:51:50', '0000-00-00 00:00:00'),
(218, 'Kalra Hospital', 21, 21, 'Kalra Hospital &amp; SRCNC Pvt. Ltd.\r\nA 4 - 6 Kirti Nagar New Delhi 110015 \r\nIndia.', '   ', '91-11-45005600', '91-11-45005700', '91-11-25108119', 'www.kalrahospital.com', '  ', '2012-04-01 21:54:30', '0000-00-00 00:00:00'),
(219, 'KAPOOR MEDICAL CENTRE ', 21, 21, 'KAPOOR MEDICAL CENTRE \r\nE-18, Naraina Vihar,New Delhi-110028.', 'info@kapoormedicalandambulanceservices.com ', '+91-11-25791387', '+91-11-25793124', '+91-11-41025103', 'www.kapoormedicalandambulanceservices.com', '   ', '2012-04-01 21:58:07', '0000-00-00 00:00:00'),
(220, 'Lotus Hospital', 21, 21, 'Lotus Hospital\r\nWZ-409-A, Janak Park, Hari Nagar New Delhi 110064.', 'lotushospital@in.com', '+91-1145615770', '+91-1145615771', '+91-1145615776', 'www.lotushospital.in', '   ', '2012-04-01 22:02:08', '0000-00-00 00:00:00'),
(221, 'MGS Hospital', 21, 21, 'MGS Hospital\r\nRohtak Road, West Punjabi Bagh, New Delhi - 110026.', 'info@mgshospital.com', '011 - 25226100', '011 - 25226101', '+91- 11 2522452', 'www.mgshospital.com', '  ', '2012-04-01 22:04:27', '0000-00-00 00:00:00'),
(222, 'Netrayatan Hospital', 21, 21, 'Netrayatan Hospital \r\nS-371, Greater Kailash-II, New Delhi – 110048.', 'info@netrayatanhospital.com', '+91 11 29212828', '+91 11 29217000', '+91 011  414354', 'www.netrayatanhospital.com', '   ', '2012-04-01 22:07:36', '0000-00-00 00:00:00'),
(223, 'NORTHPOINT HOSPITAL PVT. LTD', 21, 21, 'NORTHPOINT HOSPITAL PVT. LTD\r\nS-357, Panchsheel Park, \r\nNew Delhi-110 017 (India).', 'anupambhargava@yahoo.com', '+91 11  4071444', '   ', '+91-11-26017955', ' www.northpointhospital.co.in', '  ', '2012-04-01 23:04:03', '0000-00-00 00:00:00'),
(224, 'ORCHID HOSPITAL', 21, 21, 'ORCHID HOSPITAL \r\nC-3/91-92, Janak Puri,New Delhi-110058.', 'hari@orchidhospital.com', '011 45654565', '011 45654566', '011  45654550', 'www.orchidhospital.com', '  ', '2012-04-01 23:06:41', '0000-00-00 00:00:00'),
(225, 'Paras Hospital', 24, 39, 'Paras Hospital\r\nC-1 Sushant Lok- 1 Sector-43 Phase- I \r\nGurgaon , Haryana 122002.', 'info@parashospitals.com', '91-124-4585555', '91-124-4585666', '91-124-4585572', ' www.parashospitals.com', '  ', '2012-04-01 23:08:55', '0000-00-00 00:00:00'),
(226, 'SAROJ HOSPITAL &amp; HEART INSTITUTE', 21, 21, 'SAROJ HOSPITAL &amp; HEART INSTITUTE\r\nNear Madhuban Chowk, Sec-14 (Extn.)\r\nRohini, Delhi-110085.', 'info@sarojhospital.com', '11-27903333 ', '11-27557201', '11-27556275', 'www.sarojhospital.com', '  ', '2012-04-01 23:11:44', '0000-00-00 00:00:00'),
(227, 'Shri Ram Singh Hospital and Heart Institute', 21, 21, 'Shri Ram Singh Hospital and Heart Institute\r\nB-25-26, 26-A, East Krishna Nagar\r\nSwarn Cinema Road, DELHI-110051.', 'info@srsh.co.in', '011-22096964', '011-22002796', '    ', 'www.srsh.co.in', '   ', '2012-04-01 23:14:27', '0000-00-00 00:00:00'),
(228, 'SUKHDA HOSPITAL', 21, 21, 'SUKHDA HOSPITAL\r\nShopping Centre, Near R - Block,\r\nGreater Kailash - 1,New Delhi - 110048.', 'sukhda2006@yahoo.co.in', '+91-11-43364400', '+91-11-26416475', '+91-11-26426645', 'www.sukhdahospital.com', '  ', '2012-04-01 23:17:12', '0000-00-00 00:00:00');

-- --------------------------------------------------------

--
-- Table structure for table `hospital_departments`
--

CREATE TABLE `hospital_departments` (
  `id` int(11) NOT NULL auto_increment,
  `depart_id` int(11) NOT NULL,
  `hospital_id` int(11) NOT NULL,
  `created_at` timestamp NOT NULL default CURRENT_TIMESTAMP,
  `updated_at` datetime NOT NULL,
  PRIMARY KEY  (`id`)
) ENGINE=MyISAM  DEFAULT CHARSET=latin1 AUTO_INCREMENT=1007 ;

--
-- Dumping data for table `hospital_departments`
--

INSERT INTO `hospital_departments` (`id`, `depart_id`, `hospital_id`, `created_at`, `updated_at`) VALUES
(23, 22, 22, '2012-03-15 15:40:27', '0000-00-00 00:00:00'),
(22, 20, 22, '2012-03-15 15:40:16', '0000-00-00 00:00:00'),
(21, 21, 22, '2012-03-15 15:39:50', '0000-00-00 00:00:00'),
(20, 20, 21, '2012-03-15 15:32:29', '0000-00-00 00:00:00'),
(19, 19, 21, '2012-03-15 15:32:22', '0000-00-00 00:00:00'),
(18, 18, 21, '2012-03-15 15:32:06', '0000-00-00 00:00:00'),
(17, 17, 21, '2012-03-15 15:31:56', '0000-00-00 00:00:00'),
(16, 16, 21, '2012-03-15 15:30:22', '0000-00-00 00:00:00'),
(24, 23, 22, '2012-03-15 15:40:43', '0000-00-00 00:00:00'),
(25, 19, 22, '2012-03-15 15:40:59', '0000-00-00 00:00:00'),
(26, 21, 23, '2012-03-15 15:46:22', '0000-00-00 00:00:00'),
(27, 19, 23, '2012-03-15 15:46:35', '0000-00-00 00:00:00'),
(28, 24, 23, '2012-03-15 15:46:50', '0000-00-00 00:00:00'),
(29, 22, 23, '2012-03-15 15:47:20', '0000-00-00 00:00:00'),
(30, 25, 23, '2012-03-15 15:47:34', '0000-00-00 00:00:00'),
(31, 21, 24, '2012-03-15 15:50:48', '0000-00-00 00:00:00'),
(32, 19, 24, '2012-03-15 15:51:04', '0000-00-00 00:00:00'),
(33, 25, 24, '2012-03-15 15:51:33', '0000-00-00 00:00:00'),
(34, 22, 24, '2012-03-15 15:51:49', '0000-00-00 00:00:00'),
(35, 24, 24, '2012-03-15 15:52:09', '0000-00-00 00:00:00'),
(36, 21, 25, '2012-03-15 15:55:22', '0000-00-00 00:00:00'),
(37, 19, 25, '2012-03-15 15:55:34', '0000-00-00 00:00:00'),
(38, 18, 25, '2012-03-15 15:55:52', '0000-00-00 00:00:00'),
(39, 24, 25, '2012-03-15 15:56:04', '0000-00-00 00:00:00'),
(40, 22, 25, '2012-03-15 15:56:33', '0000-00-00 00:00:00'),
(41, 21, 26, '2012-03-15 15:59:53', '0000-00-00 00:00:00'),
(42, 24, 26, '2012-03-15 16:00:04', '0000-00-00 00:00:00'),
(43, 19, 26, '2012-03-15 16:00:18', '0000-00-00 00:00:00'),
(44, 18, 26, '2012-03-15 16:00:32', '0000-00-00 00:00:00'),
(45, 20, 26, '2012-03-15 16:00:43', '0000-00-00 00:00:00'),
(46, 24, 27, '2012-03-15 16:04:44', '0000-00-00 00:00:00'),
(47, 21, 27, '2012-03-15 16:05:50', '0000-00-00 00:00:00'),
(48, 19, 27, '2012-03-15 16:06:09', '0000-00-00 00:00:00'),
(49, 23, 27, '2012-03-15 16:06:21', '0000-00-00 00:00:00'),
(50, 20, 27, '2012-03-15 16:07:11', '0000-00-00 00:00:00'),
(51, 21, 28, '2012-03-15 16:10:44', '0000-00-00 00:00:00'),
(52, 19, 28, '2012-03-15 16:10:55', '0000-00-00 00:00:00'),
(53, 22, 28, '2012-03-15 16:11:09', '0000-00-00 00:00:00'),
(54, 26, 28, '2012-03-15 16:11:23', '0000-00-00 00:00:00'),
(55, 27, 28, '2012-03-15 16:11:33', '0000-00-00 00:00:00'),
(56, 18, 29, '2012-03-15 16:16:14', '0000-00-00 00:00:00'),
(57, 22, 29, '2012-03-15 16:16:33', '0000-00-00 00:00:00'),
(58, 24, 29, '2012-03-15 16:16:46', '0000-00-00 00:00:00'),
(59, 20, 29, '2012-03-15 16:17:13', '0000-00-00 00:00:00'),
(60, 28, 29, '2012-03-15 16:17:27', '0000-00-00 00:00:00'),
(61, 29, 30, '2012-03-15 16:21:31', '0000-00-00 00:00:00'),
(62, 28, 30, '2012-03-15 16:21:52', '0000-00-00 00:00:00'),
(63, 30, 30, '2012-03-15 16:22:12', '0000-00-00 00:00:00'),
(64, 31, 30, '2012-03-15 16:22:27', '0000-00-00 00:00:00'),
(65, 17, 30, '2012-03-15 16:22:42', '0000-00-00 00:00:00'),
(66, 32, 31, '2012-03-15 16:26:18', '0000-00-00 00:00:00'),
(67, 21, 32, '2012-03-15 16:31:05', '0000-00-00 00:00:00'),
(68, 24, 32, '2012-03-15 16:31:19', '0000-00-00 00:00:00'),
(69, 19, 32, '2012-03-15 16:31:33', '0000-00-00 00:00:00'),
(70, 27, 32, '2012-03-15 16:31:46', '0000-00-00 00:00:00'),
(71, 34, 32, '2012-03-15 16:38:33', '0000-00-00 00:00:00'),
(72, 21, 33, '2012-03-15 16:48:50', '0000-00-00 00:00:00'),
(73, 19, 33, '2012-03-15 16:49:01', '0000-00-00 00:00:00'),
(74, 24, 33, '2012-03-15 16:49:12', '0000-00-00 00:00:00'),
(75, 18, 33, '2012-03-15 16:49:26', '0000-00-00 00:00:00'),
(76, 30, 33, '2012-03-15 16:49:45', '0000-00-00 00:00:00'),
(77, 35, 34, '2012-03-15 17:22:19', '0000-00-00 00:00:00'),
(78, 18, 34, '2012-03-15 17:22:33', '0000-00-00 00:00:00'),
(79, 26, 34, '2012-03-15 17:23:23', '0000-00-00 00:00:00'),
(80, 36, 34, '2012-03-15 17:23:58', '0000-00-00 00:00:00'),
(81, 22, 34, '2012-03-15 17:24:17', '0000-00-00 00:00:00'),
(82, 37, 35, '2012-03-15 17:30:01', '0000-00-00 00:00:00'),
(83, 26, 35, '2012-03-15 17:30:15', '0000-00-00 00:00:00'),
(84, 38, 35, '2012-03-15 17:30:36', '0000-00-00 00:00:00'),
(85, 36, 35, '2012-03-15 17:30:47', '0000-00-00 00:00:00'),
(86, 39, 35, '2012-03-15 17:31:29', '0000-00-00 00:00:00'),
(87, 26, 36, '2012-03-15 17:39:24', '0000-00-00 00:00:00'),
(88, 40, 36, '2012-03-15 17:39:44', '0000-00-00 00:00:00'),
(89, 19, 36, '2012-03-15 17:39:54', '0000-00-00 00:00:00'),
(90, 18, 36, '2012-03-15 17:40:07', '0000-00-00 00:00:00'),
(91, 25, 36, '2012-03-15 17:40:29', '2012-03-15 17:40:55'),
(92, 19, 37, '2012-03-15 17:43:35', '0000-00-00 00:00:00'),
(93, 23, 37, '2012-03-15 17:43:49', '0000-00-00 00:00:00'),
(94, 21, 37, '2012-03-15 17:44:22', '0000-00-00 00:00:00'),
(95, 41, 37, '2012-03-15 17:44:34', '0000-00-00 00:00:00'),
(96, 20, 37, '2012-03-15 17:45:14', '0000-00-00 00:00:00'),
(97, 21, 38, '2012-03-15 17:49:03', '0000-00-00 00:00:00'),
(98, 24, 38, '2012-03-15 17:49:15', '0000-00-00 00:00:00'),
(99, 25, 38, '2012-03-15 17:49:28', '0000-00-00 00:00:00'),
(100, 22, 38, '2012-03-15 17:53:41', '0000-00-00 00:00:00'),
(101, 23, 38, '2012-03-15 17:53:57', '0000-00-00 00:00:00'),
(102, 42, 39, '2012-03-15 21:24:21', '0000-00-00 00:00:00'),
(103, 21, 39, '2012-03-15 21:24:39', '0000-00-00 00:00:00'),
(104, 20, 39, '2012-03-15 21:24:54', '0000-00-00 00:00:00'),
(105, 24, 39, '2012-03-15 21:25:05', '0000-00-00 00:00:00'),
(106, 43, 39, '2012-03-15 21:25:35', '0000-00-00 00:00:00'),
(107, 19, 40, '2012-03-15 21:28:36', '0000-00-00 00:00:00'),
(108, 22, 40, '2012-03-15 21:28:55', '0000-00-00 00:00:00'),
(109, 23, 40, '2012-03-15 21:29:08', '0000-00-00 00:00:00'),
(110, 17, 40, '2012-03-15 21:29:28', '0000-00-00 00:00:00'),
(111, 40, 40, '2012-03-15 21:29:40', '0000-00-00 00:00:00'),
(112, 37, 41, '2012-03-15 21:48:11', '0000-00-00 00:00:00'),
(113, 26, 41, '2012-03-15 21:48:22', '0000-00-00 00:00:00'),
(114, 18, 41, '2012-03-15 21:48:42', '0000-00-00 00:00:00'),
(115, 25, 41, '2012-03-15 21:49:27', '0000-00-00 00:00:00'),
(116, 19, 41, '2012-03-15 21:50:03', '0000-00-00 00:00:00'),
(117, 26, 42, '2012-03-15 21:54:21', '0000-00-00 00:00:00'),
(118, 22, 42, '2012-03-15 21:54:32', '0000-00-00 00:00:00'),
(119, 19, 42, '2012-03-15 21:54:45', '0000-00-00 00:00:00'),
(120, 24, 42, '2012-03-15 21:55:06', '0000-00-00 00:00:00'),
(121, 21, 42, '2012-03-15 21:55:18', '0000-00-00 00:00:00'),
(122, 21, 43, '2012-03-15 22:00:37', '0000-00-00 00:00:00'),
(123, 22, 43, '2012-03-15 22:00:55', '0000-00-00 00:00:00'),
(124, 17, 43, '2012-03-15 22:01:11', '0000-00-00 00:00:00'),
(125, 20, 43, '2012-03-15 22:01:24', '0000-00-00 00:00:00'),
(126, 44, 43, '2012-03-15 22:02:40', '0000-00-00 00:00:00'),
(127, 24, 44, '2012-03-15 22:11:12', '0000-00-00 00:00:00'),
(128, 19, 44, '2012-03-15 22:11:51', '0000-00-00 00:00:00'),
(129, 21, 44, '2012-03-15 22:12:02', '0000-00-00 00:00:00'),
(130, 22, 44, '2012-03-15 22:12:24', '0000-00-00 00:00:00'),
(131, 23, 44, '2012-03-15 22:12:40', '0000-00-00 00:00:00'),
(132, 21, 45, '2012-03-15 22:19:41', '0000-00-00 00:00:00'),
(133, 19, 45, '2012-03-15 22:19:52', '0000-00-00 00:00:00'),
(134, 18, 45, '2012-03-15 22:20:28', '0000-00-00 00:00:00'),
(135, 23, 45, '2012-03-15 22:20:52', '0000-00-00 00:00:00'),
(136, 22, 45, '2012-03-15 22:21:57', '0000-00-00 00:00:00'),
(137, 21, 46, '2012-03-15 22:27:44', '0000-00-00 00:00:00'),
(138, 19, 46, '2012-03-15 22:27:55', '0000-00-00 00:00:00'),
(139, 18, 46, '2012-03-15 22:28:06', '0000-00-00 00:00:00'),
(140, 24, 46, '2012-03-15 22:28:22', '0000-00-00 00:00:00'),
(141, 26, 46, '2012-03-15 22:28:35', '0000-00-00 00:00:00'),
(142, 21, 47, '2012-03-15 23:48:00', '0000-00-00 00:00:00'),
(143, 23, 47, '2012-03-15 23:48:17', '0000-00-00 00:00:00'),
(144, 25, 47, '2012-03-15 23:48:32', '0000-00-00 00:00:00'),
(145, 19, 47, '2012-03-15 23:48:44', '0000-00-00 00:00:00'),
(146, 22, 47, '2012-03-15 23:49:06', '0000-00-00 00:00:00'),
(147, 21, 48, '2012-03-16 00:24:33', '0000-00-00 00:00:00'),
(148, 45, 48, '2012-03-16 00:26:21', '0000-00-00 00:00:00'),
(149, 19, 48, '2012-03-16 00:29:07', '0000-00-00 00:00:00'),
(150, 25, 48, '2012-03-16 00:29:19', '0000-00-00 00:00:00'),
(151, 46, 48, '2012-03-16 00:31:34', '0000-00-00 00:00:00'),
(152, 18, 49, '2012-03-16 00:44:10', '0000-00-00 00:00:00'),
(153, 21, 49, '2012-03-16 00:44:23', '0000-00-00 00:00:00'),
(154, 22, 49, '2012-03-16 00:44:39', '0000-00-00 00:00:00'),
(155, 19, 49, '2012-03-16 00:46:12', '0000-00-00 00:00:00'),
(156, 27, 49, '2012-03-16 00:46:26', '0000-00-00 00:00:00'),
(157, 21, 50, '2012-03-16 01:07:28', '2012-03-16 01:07:47'),
(158, 19, 50, '2012-03-16 01:09:32', '0000-00-00 00:00:00'),
(159, 18, 50, '2012-03-16 01:09:44', '0000-00-00 00:00:00'),
(160, 22, 50, '2012-03-16 01:10:00', '0000-00-00 00:00:00'),
(161, 27, 50, '2012-03-16 01:10:12', '0000-00-00 00:00:00'),
(162, 21, 51, '2012-03-16 01:18:50', '0000-00-00 00:00:00'),
(163, 19, 51, '2012-03-16 01:19:00', '0000-00-00 00:00:00'),
(164, 22, 51, '2012-03-16 01:19:13', '0000-00-00 00:00:00'),
(165, 27, 51, '2012-03-16 01:19:28', '0000-00-00 00:00:00'),
(166, 26, 51, '2012-03-16 01:19:39', '0000-00-00 00:00:00'),
(167, 16, 52, '2012-03-16 10:37:08', '0000-00-00 00:00:00'),
(168, 21, 52, '2012-03-16 10:37:20', '0000-00-00 00:00:00'),
(169, 20, 52, '2012-03-16 10:37:30', '0000-00-00 00:00:00'),
(170, 29, 52, '2012-03-16 10:37:49', '0000-00-00 00:00:00'),
(171, 36, 52, '2012-03-16 10:38:04', '0000-00-00 00:00:00'),
(172, 47, 53, '2012-03-16 10:43:30', '0000-00-00 00:00:00'),
(173, 48, 53, '2012-03-16 10:43:48', '0000-00-00 00:00:00'),
(174, 49, 53, '2012-03-16 10:44:43', '0000-00-00 00:00:00'),
(175, 50, 53, '2012-03-16 10:45:01', '0000-00-00 00:00:00'),
(176, 51, 53, '2012-03-16 10:45:15', '0000-00-00 00:00:00'),
(177, 19, 54, '2012-03-16 10:53:39', '0000-00-00 00:00:00'),
(178, 26, 54, '2012-03-16 10:53:50', '0000-00-00 00:00:00'),
(179, 23, 54, '2012-03-16 10:54:03', '0000-00-00 00:00:00'),
(180, 17, 55, '2012-03-16 11:01:42', '0000-00-00 00:00:00'),
(181, 21, 55, '2012-03-16 11:02:09', '0000-00-00 00:00:00'),
(182, 44, 55, '2012-03-16 11:02:23', '0000-00-00 00:00:00'),
(183, 47, 55, '2012-03-16 11:03:38', '0000-00-00 00:00:00'),
(184, 36, 55, '2012-03-16 11:03:51', '0000-00-00 00:00:00'),
(185, 17, 56, '2012-03-16 11:20:10', '0000-00-00 00:00:00'),
(186, 44, 56, '2012-03-16 11:20:21', '0000-00-00 00:00:00'),
(187, 22, 56, '2012-03-16 11:20:40', '0000-00-00 00:00:00'),
(188, 20, 56, '2012-03-16 11:20:54', '0000-00-00 00:00:00'),
(189, 36, 56, '2012-03-16 11:21:25', '0000-00-00 00:00:00'),
(190, 25, 57, '2012-03-16 15:08:43', '0000-00-00 00:00:00'),
(191, 52, 57, '2012-03-16 15:09:03', '0000-00-00 00:00:00'),
(192, 18, 57, '2012-03-16 15:09:15', '0000-00-00 00:00:00'),
(193, 53, 58, '2012-03-16 15:13:16', '0000-00-00 00:00:00'),
(194, 54, 58, '2012-03-16 15:13:35', '0000-00-00 00:00:00'),
(195, 36, 58, '2012-03-16 15:13:51', '0000-00-00 00:00:00'),
(196, 45, 58, '2012-03-16 15:14:07', '0000-00-00 00:00:00'),
(197, 29, 58, '2012-03-16 15:14:23', '2012-03-16 15:19:13'),
(198, 20, 59, '2012-03-16 15:24:50', '0000-00-00 00:00:00'),
(199, 16, 59, '2012-03-16 15:25:08', '0000-00-00 00:00:00'),
(200, 46, 59, '2012-03-16 15:25:27', '0000-00-00 00:00:00'),
(201, 45, 60, '2012-03-16 15:29:48', '0000-00-00 00:00:00'),
(202, 55, 60, '2012-03-16 15:30:23', '0000-00-00 00:00:00'),
(203, 56, 60, '2012-03-16 15:31:27', '0000-00-00 00:00:00'),
(204, 53, 60, '2012-03-16 15:31:54', '0000-00-00 00:00:00'),
(205, 54, 60, '2012-03-16 15:32:35', '0000-00-00 00:00:00'),
(206, 54, 61, '2012-03-16 15:36:30', '0000-00-00 00:00:00'),
(207, 53, 61, '2012-03-16 15:36:43', '0000-00-00 00:00:00'),
(208, 45, 61, '2012-03-16 15:36:55', '0000-00-00 00:00:00'),
(209, 57, 61, '2012-03-16 15:37:12', '0000-00-00 00:00:00'),
(210, 54, 62, '2012-03-16 15:51:36', '0000-00-00 00:00:00'),
(211, 45, 62, '2012-03-16 15:51:48', '0000-00-00 00:00:00'),
(212, 59, 62, '2012-03-16 15:52:03', '0000-00-00 00:00:00'),
(213, 53, 62, '2012-03-16 15:52:20', '0000-00-00 00:00:00'),
(214, 56, 62, '2012-03-16 15:52:34', '0000-00-00 00:00:00'),
(215, 45, 63, '2012-03-16 15:59:03', '0000-00-00 00:00:00'),
(216, 59, 63, '2012-03-16 15:59:14', '0000-00-00 00:00:00'),
(217, 53, 63, '2012-03-16 15:59:28', '0000-00-00 00:00:00'),
(218, 54, 63, '2012-03-16 15:59:45', '0000-00-00 00:00:00'),
(219, 60, 64, '2012-03-16 16:02:26', '0000-00-00 00:00:00'),
(220, 61, 64, '2012-03-16 16:02:40', '0000-00-00 00:00:00'),
(221, 53, 64, '2012-03-16 16:02:51', '0000-00-00 00:00:00'),
(222, 59, 64, '2012-03-16 16:03:07', '0000-00-00 00:00:00'),
(223, 57, 64, '2012-03-16 16:03:21', '0000-00-00 00:00:00'),
(224, 62, 65, '2012-03-16 16:05:57', '0000-00-00 00:00:00'),
(225, 53, 65, '2012-03-16 16:06:19', '0000-00-00 00:00:00'),
(226, 35, 65, '2012-03-16 16:06:45', '0000-00-00 00:00:00'),
(227, 63, 65, '2012-03-16 16:07:00', '0000-00-00 00:00:00'),
(228, 35, 66, '2012-03-16 16:10:15', '0000-00-00 00:00:00'),
(229, 21, 66, '2012-03-16 16:10:31', '0000-00-00 00:00:00'),
(230, 64, 66, '2012-03-16 16:10:48', '0000-00-00 00:00:00'),
(231, 65, 66, '2012-03-16 16:11:23', '0000-00-00 00:00:00'),
(232, 22, 66, '2012-03-16 16:11:46', '0000-00-00 00:00:00'),
(233, 35, 67, '2012-03-16 16:14:49', '0000-00-00 00:00:00'),
(234, 59, 67, '2012-03-16 16:15:28', '0000-00-00 00:00:00'),
(235, 20, 67, '2012-03-16 16:15:47', '0000-00-00 00:00:00'),
(236, 16, 67, '2012-03-16 16:15:59', '0000-00-00 00:00:00'),
(237, 17, 67, '2012-03-16 16:16:13', '0000-00-00 00:00:00'),
(238, 35, 68, '2012-03-16 16:21:38', '0000-00-00 00:00:00'),
(239, 44, 68, '2012-03-16 16:22:00', '0000-00-00 00:00:00'),
(240, 16, 68, '2012-03-16 16:22:22', '0000-00-00 00:00:00'),
(241, 21, 69, '2012-03-16 16:28:25', '0000-00-00 00:00:00'),
(242, 64, 69, '2012-03-16 16:28:39', '0000-00-00 00:00:00'),
(243, 35, 70, '2012-03-16 17:12:52', '0000-00-00 00:00:00'),
(244, 54, 70, '2012-03-16 17:13:09', '0000-00-00 00:00:00'),
(245, 53, 70, '2012-03-16 17:13:22', '0000-00-00 00:00:00'),
(246, 38, 70, '2012-03-16 17:13:40', '0000-00-00 00:00:00'),
(247, 26, 70, '2012-03-16 17:13:55', '0000-00-00 00:00:00'),
(248, 20, 71, '2012-03-16 17:16:41', '0000-00-00 00:00:00'),
(249, 47, 71, '2012-03-16 17:16:54', '0000-00-00 00:00:00'),
(250, 26, 71, '2012-03-16 17:17:03', '0000-00-00 00:00:00'),
(251, 21, 71, '2012-03-16 17:17:12', '0000-00-00 00:00:00'),
(252, 21, 72, '2012-03-16 17:20:42', '0000-00-00 00:00:00'),
(253, 63, 72, '2012-03-16 17:21:04', '0000-00-00 00:00:00'),
(254, 53, 72, '2012-03-16 17:21:23', '0000-00-00 00:00:00'),
(255, 54, 72, '2012-03-16 17:21:35', '0000-00-00 00:00:00'),
(256, 45, 72, '2012-03-16 17:21:46', '0000-00-00 00:00:00'),
(257, 25, 73, '2012-03-16 17:25:48', '2012-03-16 17:27:01'),
(258, 19, 73, '2012-03-16 17:26:02', '0000-00-00 00:00:00'),
(259, 52, 73, '2012-03-16 17:26:14', '0000-00-00 00:00:00'),
(260, 18, 73, '2012-03-16 17:27:22', '2012-03-16 17:28:00'),
(261, 21, 74, '2012-03-16 17:41:38', '0000-00-00 00:00:00'),
(262, 66, 74, '2012-03-16 17:41:52', '0000-00-00 00:00:00'),
(263, 19, 74, '2012-03-16 17:42:02', '0000-00-00 00:00:00'),
(264, 67, 74, '2012-03-16 17:42:20', '0000-00-00 00:00:00'),
(265, 62, 74, '2012-03-16 17:42:54', '0000-00-00 00:00:00'),
(266, 21, 75, '2012-03-16 17:45:50', '0000-00-00 00:00:00'),
(267, 35, 75, '2012-03-16 17:46:01', '0000-00-00 00:00:00'),
(268, 20, 75, '2012-03-16 17:46:18', '0000-00-00 00:00:00'),
(269, 22, 75, '2012-03-16 17:46:38', '0000-00-00 00:00:00'),
(270, 68, 75, '2012-03-16 17:47:01', '0000-00-00 00:00:00'),
(271, 44, 76, '2012-03-16 17:49:55', '0000-00-00 00:00:00'),
(272, 47, 76, '2012-03-16 17:50:16', '0000-00-00 00:00:00'),
(273, 20, 76, '2012-03-16 17:50:28', '0000-00-00 00:00:00'),
(274, 22, 76, '2012-03-16 17:50:48', '0000-00-00 00:00:00'),
(275, 69, 76, '2012-03-16 17:51:06', '0000-00-00 00:00:00'),
(276, 53, 76, '2012-03-16 17:51:19', '0000-00-00 00:00:00'),
(277, 21, 77, '2012-03-16 17:56:59', '0000-00-00 00:00:00'),
(278, 17, 77, '2012-03-16 17:57:11', '0000-00-00 00:00:00'),
(279, 20, 77, '2012-03-16 17:57:22', '0000-00-00 00:00:00'),
(280, 36, 77, '2012-03-16 17:58:28', '0000-00-00 00:00:00'),
(281, 23, 77, '2012-03-16 17:58:46', '0000-00-00 00:00:00'),
(282, 19, 77, '2012-03-16 17:58:57', '0000-00-00 00:00:00'),
(283, 16, 78, '2012-03-16 18:01:53', '0000-00-00 00:00:00'),
(284, 21, 78, '2012-03-16 18:02:07', '0000-00-00 00:00:00'),
(285, 20, 78, '2012-03-16 18:02:36', '0000-00-00 00:00:00'),
(286, 53, 78, '2012-03-16 18:02:47', '0000-00-00 00:00:00'),
(287, 22, 78, '2012-03-16 18:03:03', '0000-00-00 00:00:00'),
(288, 19, 78, '2012-03-16 18:03:15', '0000-00-00 00:00:00'),
(289, 47, 79, '2012-03-16 18:07:33', '0000-00-00 00:00:00'),
(290, 21, 80, '2012-03-16 18:11:02', '0000-00-00 00:00:00'),
(291, 20, 80, '2012-03-16 18:11:14', '0000-00-00 00:00:00'),
(292, 44, 80, '2012-03-16 18:11:32', '0000-00-00 00:00:00'),
(293, 22, 80, '2012-03-16 18:11:48', '0000-00-00 00:00:00'),
(294, 54, 80, '2012-03-16 18:12:03', '0000-00-00 00:00:00'),
(295, 45, 80, '2012-03-16 18:12:14', '0000-00-00 00:00:00'),
(296, 21, 81, '2012-03-16 21:21:42', '0000-00-00 00:00:00'),
(297, 20, 81, '2012-03-16 21:22:05', '0000-00-00 00:00:00'),
(298, 22, 81, '2012-03-16 21:22:17', '0000-00-00 00:00:00'),
(299, 53, 81, '2012-03-16 21:22:34', '0000-00-00 00:00:00'),
(300, 45, 81, '2012-03-16 21:22:46', '0000-00-00 00:00:00'),
(301, 17, 82, '2012-03-16 21:31:02', '0000-00-00 00:00:00'),
(302, 20, 82, '2012-03-16 21:31:13', '0000-00-00 00:00:00'),
(303, 22, 82, '2012-03-16 21:31:26', '0000-00-00 00:00:00'),
(304, 23, 82, '2012-03-16 21:31:41', '0000-00-00 00:00:00'),
(305, 19, 82, '2012-03-16 21:31:52', '0000-00-00 00:00:00'),
(306, 16, 83, '2012-03-16 21:38:42', '0000-00-00 00:00:00'),
(307, 20, 83, '2012-03-16 21:38:53', '0000-00-00 00:00:00'),
(308, 21, 83, '2012-03-16 21:39:04', '0000-00-00 00:00:00'),
(309, 45, 83, '2012-03-16 21:39:20', '0000-00-00 00:00:00'),
(310, 53, 83, '2012-03-16 21:39:32', '0000-00-00 00:00:00'),
(311, 19, 84, '2012-03-16 21:42:04', '0000-00-00 00:00:00'),
(312, 27, 84, '2012-03-16 21:42:18', '0000-00-00 00:00:00'),
(313, 16, 84, '2012-03-16 21:42:54', '0000-00-00 00:00:00'),
(314, 22, 84, '2012-03-16 21:43:04', '0000-00-00 00:00:00'),
(315, 34, 84, '2012-03-16 21:43:23', '0000-00-00 00:00:00'),
(316, 68, 85, '2012-03-16 21:47:26', '0000-00-00 00:00:00'),
(317, 20, 85, '2012-03-16 21:47:36', '0000-00-00 00:00:00'),
(318, 69, 85, '2012-03-16 21:48:55', '0000-00-00 00:00:00'),
(319, 70, 85, '2012-03-16 21:49:16', '0000-00-00 00:00:00'),
(320, 36, 85, '2012-03-16 21:49:26', '0000-00-00 00:00:00'),
(321, 23, 86, '2012-03-16 22:03:09', '0000-00-00 00:00:00'),
(322, 36, 86, '2012-03-16 22:05:15', '0000-00-00 00:00:00'),
(323, 22, 86, '2012-03-16 22:05:26', '0000-00-00 00:00:00'),
(324, 19, 86, '2012-03-16 22:05:51', '0000-00-00 00:00:00'),
(325, 76, 86, '2012-03-16 22:20:16', '0000-00-00 00:00:00'),
(326, 20, 87, '2012-03-16 22:29:12', '0000-00-00 00:00:00'),
(327, 16, 87, '2012-03-16 22:29:22', '0000-00-00 00:00:00'),
(328, 68, 87, '2012-03-16 22:29:41', '0000-00-00 00:00:00'),
(329, 53, 87, '2012-03-16 22:29:53', '0000-00-00 00:00:00'),
(330, 69, 87, '2012-03-16 22:30:26', '0000-00-00 00:00:00'),
(331, 21, 88, '2012-03-16 22:36:31', '0000-00-00 00:00:00'),
(332, 20, 88, '2012-03-16 22:36:41', '0000-00-00 00:00:00'),
(333, 36, 88, '2012-03-16 22:36:54', '0000-00-00 00:00:00'),
(334, 22, 88, '2012-03-16 22:37:24', '0000-00-00 00:00:00'),
(335, 18, 88, '2012-03-16 22:37:34', '0000-00-00 00:00:00'),
(336, 71, 89, '2012-03-16 22:40:17', '0000-00-00 00:00:00'),
(337, 48, 89, '2012-03-16 22:40:39', '0000-00-00 00:00:00'),
(338, 72, 89, '2012-03-16 22:40:59', '0000-00-00 00:00:00'),
(339, 73, 89, '2012-03-16 22:41:14', '0000-00-00 00:00:00'),
(340, 19, 90, '2012-03-16 22:45:18', '0000-00-00 00:00:00'),
(341, 69, 90, '2012-03-16 22:45:47', '0000-00-00 00:00:00'),
(342, 16, 90, '2012-03-16 22:46:38', '0000-00-00 00:00:00'),
(343, 74, 90, '2012-03-16 22:46:51', '0000-00-00 00:00:00'),
(344, 20, 91, '2012-03-16 22:50:17', '0000-00-00 00:00:00'),
(345, 22, 91, '2012-03-16 22:50:28', '0000-00-00 00:00:00'),
(346, 53, 91, '2012-03-16 22:50:42', '0000-00-00 00:00:00'),
(347, 47, 91, '2012-03-16 22:50:57', '0000-00-00 00:00:00'),
(348, 54, 91, '2012-03-16 22:51:09', '0000-00-00 00:00:00'),
(349, 66, 92, '2012-03-16 22:55:03', '0000-00-00 00:00:00'),
(350, 20, 92, '2012-03-16 22:56:18', '0000-00-00 00:00:00'),
(351, 36, 92, '2012-03-16 22:56:33', '0000-00-00 00:00:00'),
(352, 22, 92, '2012-03-16 22:56:50', '0000-00-00 00:00:00'),
(353, 19, 92, '2012-03-16 22:57:00', '0000-00-00 00:00:00'),
(354, 36, 93, '2012-03-16 22:59:46', '0000-00-00 00:00:00'),
(355, 16, 93, '2012-03-16 22:59:57', '0000-00-00 00:00:00'),
(356, 75, 93, '2012-03-16 23:00:11', '0000-00-00 00:00:00'),
(357, 30, 93, '2012-03-16 23:00:25', '0000-00-00 00:00:00'),
(358, 26, 94, '2012-03-16 23:02:51', '0000-00-00 00:00:00'),
(359, 17, 94, '2012-03-16 23:03:03', '0000-00-00 00:00:00'),
(360, 21, 94, '2012-03-16 23:03:14', '0000-00-00 00:00:00'),
(361, 19, 94, '2012-03-16 23:03:27', '0000-00-00 00:00:00'),
(362, 60, 94, '2012-03-16 23:03:39', '0000-00-00 00:00:00'),
(363, 21, 95, '2012-03-16 23:08:10', '0000-00-00 00:00:00'),
(364, 17, 95, '2012-03-16 23:08:26', '0000-00-00 00:00:00'),
(365, 30, 95, '2012-03-16 23:08:38', '0000-00-00 00:00:00'),
(366, 20, 95, '2012-03-16 23:09:09', '0000-00-00 00:00:00'),
(367, 77, 95, '2012-03-16 23:10:24', '0000-00-00 00:00:00'),
(368, 16, 96, '2012-03-17 10:24:07', '0000-00-00 00:00:00'),
(369, 78, 96, '2012-03-17 10:24:25', '0000-00-00 00:00:00'),
(370, 36, 96, '2012-03-17 10:24:40', '0000-00-00 00:00:00'),
(371, 20, 96, '2012-03-17 10:25:01', '0000-00-00 00:00:00'),
(372, 22, 96, '2012-03-17 10:25:14', '0000-00-00 00:00:00'),
(373, 21, 97, '2012-03-17 10:29:03', '0000-00-00 00:00:00'),
(374, 27, 97, '2012-03-17 10:29:17', '0000-00-00 00:00:00'),
(375, 22, 97, '2012-03-17 10:29:40', '0000-00-00 00:00:00'),
(376, 69, 97, '2012-03-17 10:29:59', '0000-00-00 00:00:00'),
(377, 24, 97, '2012-03-17 10:30:18', '0000-00-00 00:00:00'),
(378, 79, 98, '2012-03-17 10:32:36', '0000-00-00 00:00:00'),
(379, 20, 98, '2012-03-17 10:32:50', '0000-00-00 00:00:00'),
(380, 25, 98, '2012-03-17 10:33:03', '0000-00-00 00:00:00'),
(381, 36, 98, '2012-03-17 10:33:20', '0000-00-00 00:00:00'),
(382, 74, 98, '2012-03-17 10:33:33', '0000-00-00 00:00:00'),
(383, 76, 99, '2012-03-17 10:37:01', '0000-00-00 00:00:00'),
(384, 21, 99, '2012-03-17 10:37:15', '0000-00-00 00:00:00'),
(385, 26, 99, '2012-03-17 10:37:29', '0000-00-00 00:00:00'),
(386, 25, 99, '2012-03-17 10:37:41', '0000-00-00 00:00:00'),
(387, 80, 99, '2012-03-17 10:37:56', '0000-00-00 00:00:00'),
(388, 25, 100, '2012-03-17 10:40:19', '0000-00-00 00:00:00'),
(389, 80, 100, '2012-03-17 10:40:31', '0000-00-00 00:00:00'),
(390, 68, 100, '2012-03-17 10:40:42', '0000-00-00 00:00:00'),
(391, 21, 100, '2012-03-17 10:40:55', '0000-00-00 00:00:00'),
(392, 20, 100, '2012-03-17 10:41:08', '0000-00-00 00:00:00'),
(393, 21, 101, '2012-03-17 10:43:45', '0000-00-00 00:00:00'),
(394, 66, 101, '2012-03-17 10:44:00', '0000-00-00 00:00:00'),
(395, 64, 101, '2012-03-17 10:50:46', '0000-00-00 00:00:00'),
(396, 19, 102, '2012-03-17 10:54:14', '0000-00-00 00:00:00'),
(397, 66, 102, '2012-03-17 10:54:37', '0000-00-00 00:00:00'),
(398, 22, 102, '2012-03-17 10:54:54', '0000-00-00 00:00:00'),
(399, 26, 102, '2012-03-17 10:55:13', '0000-00-00 00:00:00'),
(400, 45, 102, '2012-03-17 10:55:23', '0000-00-00 00:00:00'),
(401, 19, 103, '2012-03-17 10:57:43', '0000-00-00 00:00:00'),
(402, 18, 103, '2012-03-17 10:57:57', '0000-00-00 00:00:00'),
(403, 25, 103, '2012-03-17 10:58:14', '0000-00-00 00:00:00'),
(404, 68, 103, '2012-03-17 10:58:26', '0000-00-00 00:00:00'),
(405, 77, 103, '2012-03-17 11:01:46', '0000-00-00 00:00:00'),
(406, 76, 104, '2012-03-17 11:04:20', '0000-00-00 00:00:00'),
(407, 19, 104, '2012-03-17 11:04:32', '0000-00-00 00:00:00'),
(408, 20, 104, '2012-03-17 11:04:42', '0000-00-00 00:00:00'),
(409, 26, 104, '2012-03-17 11:05:06', '0000-00-00 00:00:00'),
(410, 25, 104, '2012-03-17 11:05:22', '0000-00-00 00:00:00'),
(411, 16, 105, '2012-03-17 11:08:24', '0000-00-00 00:00:00'),
(412, 21, 105, '2012-03-17 11:08:36', '0000-00-00 00:00:00'),
(413, 17, 105, '2012-03-17 11:08:45', '0000-00-00 00:00:00'),
(414, 25, 105, '2012-03-17 11:08:57', '0000-00-00 00:00:00'),
(415, 26, 105, '2012-03-17 11:09:07', '0000-00-00 00:00:00'),
(416, 30, 106, '2012-03-17 11:15:28', '0000-00-00 00:00:00'),
(417, 36, 106, '2012-03-17 11:19:07', '0000-00-00 00:00:00'),
(418, 74, 107, '2012-03-17 11:21:30', '0000-00-00 00:00:00'),
(419, 81, 107, '2012-03-17 11:21:43', '0000-00-00 00:00:00'),
(420, 20, 107, '2012-03-17 11:22:03', '0000-00-00 00:00:00'),
(421, 36, 107, '2012-03-17 11:22:22', '0000-00-00 00:00:00'),
(422, 19, 107, '2012-03-17 11:22:38', '0000-00-00 00:00:00'),
(423, 17, 108, '2012-03-17 11:24:58', '0000-00-00 00:00:00'),
(424, 36, 108, '2012-03-17 11:25:15', '0000-00-00 00:00:00'),
(425, 29, 108, '2012-03-17 11:25:33', '0000-00-00 00:00:00'),
(426, 23, 108, '2012-03-17 11:25:44', '0000-00-00 00:00:00'),
(427, 20, 108, '2012-03-17 11:26:08', '0000-00-00 00:00:00'),
(428, 19, 109, '2012-03-17 11:28:27', '0000-00-00 00:00:00'),
(429, 74, 109, '2012-03-17 11:28:46', '0000-00-00 00:00:00'),
(430, 16, 109, '2012-03-17 11:29:00', '0000-00-00 00:00:00'),
(431, 18, 109, '2012-03-17 11:29:10', '0000-00-00 00:00:00'),
(432, 21, 110, '2012-03-17 11:31:00', '0000-00-00 00:00:00'),
(433, 66, 110, '2012-03-17 11:31:16', '0000-00-00 00:00:00'),
(434, 47, 110, '2012-03-17 11:31:35', '0000-00-00 00:00:00'),
(435, 22, 110, '2012-03-17 11:32:40', '0000-00-00 00:00:00'),
(436, 16, 110, '2012-03-17 11:33:10', '0000-00-00 00:00:00'),
(437, 16, 111, '2012-03-17 11:35:32', '0000-00-00 00:00:00'),
(438, 21, 111, '2012-03-17 11:35:43', '0000-00-00 00:00:00'),
(439, 20, 111, '2012-03-17 11:35:54', '0000-00-00 00:00:00'),
(440, 22, 111, '2012-03-17 11:36:06', '0000-00-00 00:00:00'),
(441, 19, 111, '2012-03-17 11:36:17', '0000-00-00 00:00:00'),
(442, 46, 112, '2012-03-17 11:39:59', '0000-00-00 00:00:00'),
(443, 73, 112, '2012-03-17 11:40:12', '0000-00-00 00:00:00'),
(444, 82, 112, '2012-03-17 11:40:28', '0000-00-00 00:00:00'),
(445, 83, 112, '2012-03-17 11:40:39', '0000-00-00 00:00:00'),
(446, 47, 113, '2012-03-17 11:43:39', '0000-00-00 00:00:00'),
(447, 49, 113, '2012-03-17 11:43:50', '0000-00-00 00:00:00'),
(448, 48, 113, '2012-03-17 11:44:02', '0000-00-00 00:00:00'),
(449, 71, 113, '2012-03-17 11:47:48', '0000-00-00 00:00:00'),
(450, 46, 114, '2012-03-17 11:50:04', '0000-00-00 00:00:00'),
(451, 73, 114, '2012-03-17 11:50:23', '0000-00-00 00:00:00'),
(452, 49, 114, '2012-03-17 11:50:38', '0000-00-00 00:00:00'),
(453, 77, 115, '2012-03-17 11:57:06', '0000-00-00 00:00:00'),
(454, 20, 115, '2012-03-17 11:57:16', '0000-00-00 00:00:00'),
(455, 19, 115, '2012-03-17 11:57:30', '0000-00-00 00:00:00'),
(456, 74, 115, '2012-03-17 11:57:49', '0000-00-00 00:00:00'),
(457, 26, 115, '2012-03-17 11:58:04', '0000-00-00 00:00:00'),
(458, 77, 116, '2012-03-17 12:18:25', '0000-00-00 00:00:00'),
(459, 26, 116, '2012-03-17 12:18:41', '0000-00-00 00:00:00'),
(460, 36, 116, '2012-03-17 12:19:01', '0000-00-00 00:00:00'),
(461, 19, 116, '2012-03-17 12:19:12', '0000-00-00 00:00:00'),
(462, 80, 116, '2012-03-17 12:19:31', '0000-00-00 00:00:00'),
(463, 76, 117, '2012-03-17 12:21:49', '0000-00-00 00:00:00'),
(464, 36, 117, '2012-03-17 12:22:04', '0000-00-00 00:00:00'),
(465, 19, 117, '2012-03-17 12:22:17', '0000-00-00 00:00:00'),
(466, 20, 117, '2012-03-17 12:22:34', '0000-00-00 00:00:00'),
(467, 74, 117, '2012-03-17 12:22:46', '0000-00-00 00:00:00'),
(468, 26, 118, '2012-03-17 12:25:26', '0000-00-00 00:00:00'),
(469, 22, 118, '2012-03-17 12:25:43', '0000-00-00 00:00:00'),
(470, 25, 118, '2012-03-17 12:25:58', '0000-00-00 00:00:00'),
(471, 77, 118, '2012-03-17 12:26:13', '0000-00-00 00:00:00'),
(472, 80, 119, '2012-03-17 12:28:53', '0000-00-00 00:00:00'),
(473, 36, 119, '2012-03-17 12:29:05', '0000-00-00 00:00:00'),
(474, 76, 119, '2012-03-17 12:29:23', '0000-00-00 00:00:00'),
(475, 17, 119, '2012-03-17 12:29:49', '0000-00-00 00:00:00'),
(476, 23, 119, '2012-03-17 12:30:06', '0000-00-00 00:00:00'),
(477, 19, 120, '2012-03-17 14:13:56', '0000-00-00 00:00:00'),
(478, 36, 120, '2012-03-17 14:14:08', '0000-00-00 00:00:00'),
(479, 24, 120, '2012-03-17 14:14:21', '0000-00-00 00:00:00'),
(480, 74, 120, '2012-03-17 14:14:41', '0000-00-00 00:00:00'),
(481, 20, 120, '2012-03-17 14:14:52', '0000-00-00 00:00:00'),
(482, 36, 121, '2012-03-17 14:17:34', '0000-00-00 00:00:00'),
(483, 24, 121, '2012-03-17 14:17:45', '0000-00-00 00:00:00'),
(484, 20, 121, '2012-03-17 14:17:59', '0000-00-00 00:00:00'),
(485, 52, 121, '2012-03-17 14:18:18', '0000-00-00 00:00:00'),
(486, 47, 121, '2012-03-17 14:18:33', '0000-00-00 00:00:00'),
(487, 25, 122, '2012-03-17 14:20:50', '0000-00-00 00:00:00'),
(488, 22, 122, '2012-03-17 14:21:02', '0000-00-00 00:00:00'),
(489, 20, 122, '2012-03-17 14:21:47', '0000-00-00 00:00:00'),
(490, 36, 122, '2012-03-17 14:22:02', '0000-00-00 00:00:00'),
(491, 19, 122, '2012-03-17 14:22:14', '0000-00-00 00:00:00'),
(492, 36, 123, '2012-03-17 21:21:13', '0000-00-00 00:00:00'),
(493, 19, 123, '2012-03-17 21:21:25', '0000-00-00 00:00:00'),
(494, 20, 123, '2012-03-17 21:21:41', '0000-00-00 00:00:00'),
(495, 25, 123, '2012-03-17 21:21:54', '2012-03-17 21:22:28'),
(496, 34, 123, '2012-03-17 21:22:09', '0000-00-00 00:00:00'),
(497, 21, 124, '2012-03-17 21:24:24', '0000-00-00 00:00:00'),
(498, 27, 124, '2012-03-17 21:24:37', '0000-00-00 00:00:00'),
(499, 19, 124, '2012-03-17 21:24:49', '0000-00-00 00:00:00'),
(500, 20, 124, '2012-03-17 21:25:07', '0000-00-00 00:00:00'),
(501, 25, 124, '2012-03-17 21:25:26', '0000-00-00 00:00:00'),
(502, 21, 125, '2012-03-17 21:27:33', '0000-00-00 00:00:00'),
(503, 20, 125, '2012-03-17 21:27:53', '0000-00-00 00:00:00'),
(504, 25, 125, '2012-03-17 21:28:16', '0000-00-00 00:00:00'),
(505, 23, 125, '2012-03-17 21:28:31', '0000-00-00 00:00:00'),
(506, 26, 125, '2012-03-17 21:28:54', '0000-00-00 00:00:00'),
(507, 81, 126, '2012-03-17 21:31:44', '0000-00-00 00:00:00'),
(508, 36, 126, '2012-03-17 21:32:06', '0000-00-00 00:00:00'),
(509, 74, 126, '2012-03-17 21:32:25', '0000-00-00 00:00:00'),
(510, 54, 126, '2012-03-17 21:32:37', '0000-00-00 00:00:00'),
(511, 21, 127, '2012-03-17 21:37:04', '0000-00-00 00:00:00'),
(512, 20, 127, '2012-03-17 21:37:18', '0000-00-00 00:00:00'),
(513, 24, 127, '2012-03-17 21:37:33', '0000-00-00 00:00:00'),
(514, 22, 127, '2012-03-17 21:37:58', '0000-00-00 00:00:00'),
(515, 26, 127, '2012-03-17 21:38:16', '0000-00-00 00:00:00'),
(516, 18, 128, '2012-03-17 21:38:47', '0000-00-00 00:00:00'),
(517, 25, 128, '2012-03-17 21:39:03', '0000-00-00 00:00:00'),
(518, 23, 128, '2012-03-17 21:39:21', '0000-00-00 00:00:00'),
(519, 19, 128, '2012-03-17 21:39:35', '0000-00-00 00:00:00'),
(520, 77, 128, '2012-03-17 21:39:52', '0000-00-00 00:00:00'),
(521, 35, 129, '2012-03-29 10:51:00', '0000-00-00 00:00:00'),
(522, 18, 129, '2012-03-29 10:51:17', '0000-00-00 00:00:00'),
(523, 80, 129, '2012-03-29 10:51:32', '0000-00-00 00:00:00'),
(524, 36, 129, '2012-03-29 10:51:45', '0000-00-00 00:00:00'),
(525, 19, 129, '2012-03-29 10:52:09', '0000-00-00 00:00:00'),
(526, 16, 130, '2012-03-29 10:54:48', '0000-00-00 00:00:00'),
(527, 21, 130, '2012-03-29 10:55:04', '0000-00-00 00:00:00'),
(528, 36, 130, '2012-03-29 10:55:22', '0000-00-00 00:00:00'),
(529, 17, 130, '2012-03-29 10:55:37', '0000-00-00 00:00:00'),
(530, 23, 130, '2012-03-29 10:55:53', '0000-00-00 00:00:00'),
(531, 24, 131, '2012-03-29 10:59:45', '0000-00-00 00:00:00'),
(532, 47, 131, '2012-03-29 11:00:12', '0000-00-00 00:00:00'),
(533, 19, 131, '2012-03-29 11:00:36', '0000-00-00 00:00:00'),
(534, 29, 131, '2012-03-29 11:01:31', '0000-00-00 00:00:00'),
(535, 26, 131, '2012-03-29 11:03:00', '0000-00-00 00:00:00'),
(536, 17, 132, '2012-03-29 11:05:12', '0000-00-00 00:00:00'),
(537, 24, 132, '2012-03-29 11:05:28', '0000-00-00 00:00:00'),
(538, 30, 132, '2012-03-29 11:05:43', '0000-00-00 00:00:00'),
(539, 23, 132, '2012-03-29 11:05:57', '0000-00-00 00:00:00'),
(540, 19, 132, '2012-03-29 11:06:09', '0000-00-00 00:00:00'),
(541, 80, 133, '2012-03-29 11:10:26', '0000-00-00 00:00:00'),
(542, 36, 133, '2012-03-29 11:10:40', '0000-00-00 00:00:00'),
(543, 26, 133, '2012-03-29 11:10:53', '0000-00-00 00:00:00'),
(544, 76, 133, '2012-03-29 11:11:07', '0000-00-00 00:00:00'),
(545, 16, 133, '2012-03-29 11:11:18', '0000-00-00 00:00:00'),
(546, 66, 134, '2012-03-29 11:13:46', '0000-00-00 00:00:00'),
(547, 27, 134, '2012-03-29 11:13:59', '0000-00-00 00:00:00'),
(548, 64, 134, '2012-03-29 11:14:23', '0000-00-00 00:00:00'),
(549, 30, 135, '2012-03-29 11:17:00', '0000-00-00 00:00:00'),
(550, 34, 135, '2012-03-29 11:17:15', '0000-00-00 00:00:00'),
(551, 19, 135, '2012-03-29 11:17:26', '0000-00-00 00:00:00'),
(552, 16, 135, '2012-03-29 11:17:37', '0000-00-00 00:00:00'),
(553, 21, 136, '2012-03-29 11:19:46', '0000-00-00 00:00:00'),
(554, 17, 136, '2012-03-29 11:20:03', '0000-00-00 00:00:00'),
(555, 20, 136, '2012-03-29 11:20:16', '0000-00-00 00:00:00'),
(556, 24, 136, '2012-03-29 11:20:26', '0000-00-00 00:00:00'),
(557, 18, 136, '2012-03-29 11:20:39', '0000-00-00 00:00:00'),
(558, 21, 137, '2012-03-29 11:22:50', '0000-00-00 00:00:00'),
(559, 36, 137, '2012-03-29 11:23:06', '0000-00-00 00:00:00'),
(560, 19, 137, '2012-03-29 11:23:17', '0000-00-00 00:00:00'),
(561, 18, 137, '2012-03-29 11:23:30', '0000-00-00 00:00:00'),
(562, 23, 137, '2012-03-29 11:23:42', '0000-00-00 00:00:00'),
(563, 24, 138, '2012-03-29 11:25:46', '0000-00-00 00:00:00'),
(564, 21, 138, '2012-03-29 11:25:55', '0000-00-00 00:00:00'),
(565, 26, 138, '2012-03-29 11:26:05', '0000-00-00 00:00:00'),
(566, 80, 138, '2012-03-29 11:26:16', '0000-00-00 00:00:00'),
(567, 16, 138, '2012-03-29 11:26:28', '0000-00-00 00:00:00'),
(568, 26, 139, '2012-03-29 11:28:13', '0000-00-00 00:00:00'),
(569, 19, 139, '2012-03-29 11:28:23', '0000-00-00 00:00:00'),
(570, 36, 139, '2012-03-29 11:28:38', '0000-00-00 00:00:00'),
(571, 18, 139, '2012-03-29 11:28:48', '0000-00-00 00:00:00'),
(572, 20, 139, '2012-03-29 11:28:57', '0000-00-00 00:00:00'),
(573, 80, 140, '2012-03-29 15:30:28', '0000-00-00 00:00:00'),
(574, 21, 140, '2012-03-29 15:30:39', '0000-00-00 00:00:00'),
(575, 36, 140, '2012-03-29 15:30:57', '0000-00-00 00:00:00'),
(576, 19, 140, '2012-03-29 15:31:10', '0000-00-00 00:00:00'),
(577, 17, 140, '2012-03-29 15:31:23', '0000-00-00 00:00:00'),
(578, 26, 141, '2012-03-29 15:36:29', '0000-00-00 00:00:00'),
(579, 74, 141, '2012-03-29 15:36:43', '0000-00-00 00:00:00'),
(580, 23, 141, '2012-03-29 15:36:59', '0000-00-00 00:00:00'),
(581, 20, 141, '2012-03-29 15:37:15', '0000-00-00 00:00:00'),
(582, 36, 141, '2012-03-29 15:37:29', '0000-00-00 00:00:00'),
(583, 80, 142, '2012-03-29 15:40:04', '0000-00-00 00:00:00'),
(584, 19, 142, '2012-03-29 15:40:24', '0000-00-00 00:00:00'),
(585, 36, 142, '2012-03-29 15:40:39', '0000-00-00 00:00:00'),
(586, 47, 142, '2012-03-29 15:40:53', '0000-00-00 00:00:00'),
(587, 26, 142, '2012-03-29 15:41:06', '0000-00-00 00:00:00'),
(588, 36, 143, '2012-03-29 15:43:23', '0000-00-00 00:00:00'),
(589, 60, 143, '2012-03-29 15:43:43', '0000-00-00 00:00:00'),
(590, 19, 143, '2012-03-29 15:44:07', '0000-00-00 00:00:00'),
(591, 26, 143, '2012-03-29 15:44:25', '0000-00-00 00:00:00'),
(592, 68, 144, '2012-03-29 15:47:01', '0000-00-00 00:00:00'),
(593, 60, 144, '2012-03-29 15:47:15', '0000-00-00 00:00:00'),
(594, 18, 144, '2012-03-29 15:47:28', '0000-00-00 00:00:00'),
(595, 20, 145, '2012-03-29 15:50:18', '0000-00-00 00:00:00'),
(596, 76, 145, '2012-03-29 15:50:32', '0000-00-00 00:00:00'),
(597, 52, 145, '2012-03-29 15:50:45', '0000-00-00 00:00:00'),
(598, 21, 146, '2012-03-29 15:53:22', '0000-00-00 00:00:00'),
(599, 60, 146, '2012-03-29 15:53:34', '0000-00-00 00:00:00'),
(600, 26, 146, '2012-03-29 15:53:48', '0000-00-00 00:00:00'),
(601, 23, 146, '2012-03-29 15:54:01', '0000-00-00 00:00:00'),
(602, 20, 146, '2012-03-29 15:54:17', '0000-00-00 00:00:00'),
(603, 19, 147, '2012-03-29 15:56:14', '0000-00-00 00:00:00'),
(604, 60, 147, '2012-03-29 15:56:27', '0000-00-00 00:00:00'),
(605, 26, 147, '2012-03-29 15:56:39', '0000-00-00 00:00:00'),
(606, 60, 148, '2012-03-29 15:59:50', '0000-00-00 00:00:00'),
(607, 77, 148, '2012-03-29 16:00:07', '0000-00-00 00:00:00'),
(608, 19, 148, '2012-03-29 16:00:28', '0000-00-00 00:00:00'),
(609, 74, 148, '2012-03-29 16:00:40', '0000-00-00 00:00:00'),
(610, 76, 148, '2012-03-29 16:00:55', '0000-00-00 00:00:00'),
(611, 21, 149, '2012-03-29 16:02:53', '0000-00-00 00:00:00'),
(612, 24, 149, '2012-03-29 16:03:03', '0000-00-00 00:00:00'),
(613, 25, 149, '2012-03-29 16:03:22', '0000-00-00 00:00:00'),
(614, 22, 149, '2012-03-29 16:03:37', '0000-00-00 00:00:00'),
(615, 62, 149, '2012-03-29 16:03:58', '0000-00-00 00:00:00'),
(616, 16, 150, '2012-03-29 21:27:58', '0000-00-00 00:00:00'),
(617, 21, 150, '2012-03-29 21:28:14', '0000-00-00 00:00:00'),
(618, 18, 150, '2012-03-29 21:28:28', '0000-00-00 00:00:00'),
(619, 26, 150, '2012-03-29 21:28:44', '0000-00-00 00:00:00'),
(620, 66, 150, '2012-03-29 21:29:05', '0000-00-00 00:00:00'),
(621, 66, 151, '2012-03-29 21:31:19', '0000-00-00 00:00:00'),
(622, 47, 151, '2012-03-29 21:31:32', '0000-00-00 00:00:00'),
(623, 19, 151, '2012-03-29 21:31:48', '0000-00-00 00:00:00'),
(624, 26, 151, '2012-03-29 21:32:02', '0000-00-00 00:00:00'),
(625, 63, 151, '2012-03-29 21:32:18', '0000-00-00 00:00:00'),
(626, 66, 152, '2012-03-29 21:34:12', '0000-00-00 00:00:00'),
(627, 26, 152, '2012-03-29 21:34:31', '0000-00-00 00:00:00'),
(628, 47, 152, '2012-03-29 21:34:42', '0000-00-00 00:00:00'),
(629, 18, 152, '2012-03-29 21:34:57', '0000-00-00 00:00:00'),
(630, 60, 152, '2012-03-29 21:35:10', '0000-00-00 00:00:00'),
(631, 21, 153, '2012-03-29 21:38:49', '0000-00-00 00:00:00'),
(632, 44, 153, '2012-03-29 21:38:59', '0000-00-00 00:00:00'),
(633, 27, 153, '2012-03-29 21:39:15', '0000-00-00 00:00:00'),
(634, 24, 153, '2012-03-29 21:39:25', '0000-00-00 00:00:00'),
(635, 84, 153, '2012-03-29 21:39:41', '0000-00-00 00:00:00'),
(636, 66, 154, '2012-03-29 21:42:26', '0000-00-00 00:00:00'),
(637, 60, 154, '2012-03-29 21:42:41', '0000-00-00 00:00:00'),
(638, 53, 154, '2012-03-29 21:43:06', '0000-00-00 00:00:00'),
(639, 74, 154, '2012-03-29 21:43:18', '0000-00-00 00:00:00'),
(640, 84, 154, '2012-03-29 21:43:32', '0000-00-00 00:00:00'),
(641, 19, 155, '2012-03-29 21:45:55', '0000-00-00 00:00:00'),
(642, 26, 155, '2012-03-29 21:46:10', '0000-00-00 00:00:00'),
(643, 18, 155, '2012-03-29 21:46:24', '0000-00-00 00:00:00'),
(644, 74, 155, '2012-03-29 21:46:41', '0000-00-00 00:00:00'),
(645, 16, 155, '2012-03-29 21:47:00', '0000-00-00 00:00:00'),
(646, 66, 156, '2012-03-29 21:50:08', '0000-00-00 00:00:00'),
(647, 21, 156, '2012-03-29 21:50:23', '0000-00-00 00:00:00'),
(648, 60, 156, '2012-03-29 21:50:45', '0000-00-00 00:00:00'),
(649, 24, 156, '2012-03-29 21:50:55', '0000-00-00 00:00:00'),
(650, 52, 156, '2012-03-29 21:51:13', '0000-00-00 00:00:00'),
(651, 66, 157, '2012-03-29 21:53:29', '0000-00-00 00:00:00'),
(652, 29, 157, '2012-03-29 21:53:40', '0000-00-00 00:00:00'),
(653, 19, 157, '2012-03-29 21:53:55', '0000-00-00 00:00:00'),
(654, 27, 157, '2012-03-29 21:54:12', '0000-00-00 00:00:00'),
(655, 84, 157, '2012-03-29 21:54:25', '0000-00-00 00:00:00'),
(656, 44, 158, '2012-03-29 21:57:00', '0000-00-00 00:00:00'),
(657, 84, 158, '2012-03-29 21:57:19', '0000-00-00 00:00:00'),
(658, 16, 158, '2012-03-29 21:57:34', '0000-00-00 00:00:00'),
(659, 21, 158, '2012-03-29 21:57:44', '0000-00-00 00:00:00'),
(660, 36, 158, '2012-03-29 21:58:02', '0000-00-00 00:00:00'),
(661, 24, 159, '2012-03-29 22:01:39', '0000-00-00 00:00:00'),
(662, 21, 159, '2012-03-29 22:01:51', '0000-00-00 00:00:00'),
(663, 36, 159, '2012-03-29 22:02:04', '0000-00-00 00:00:00'),
(664, 60, 159, '2012-03-29 22:02:30', '0000-00-00 00:00:00'),
(665, 25, 159, '2012-03-29 22:02:44', '0000-00-00 00:00:00'),
(666, 36, 160, '2012-03-29 22:04:46', '0000-00-00 00:00:00'),
(667, 24, 160, '2012-03-29 22:04:58', '0000-00-00 00:00:00'),
(668, 18, 160, '2012-03-29 22:05:16', '0000-00-00 00:00:00'),
(669, 16, 160, '2012-03-29 22:05:29', '0000-00-00 00:00:00'),
(670, 84, 160, '2012-03-29 22:05:50', '0000-00-00 00:00:00'),
(671, 36, 161, '2012-03-30 11:14:59', '0000-00-00 00:00:00'),
(672, 62, 161, '2012-03-30 11:15:20', '0000-00-00 00:00:00'),
(673, 17, 161, '2012-03-30 15:29:45', '0000-00-00 00:00:00'),
(674, 76, 161, '2012-03-30 15:30:04', '0000-00-00 00:00:00'),
(675, 34, 161, '2012-03-30 15:30:18', '0000-00-00 00:00:00'),
(676, 21, 162, '2012-03-30 15:33:06', '0000-00-00 00:00:00'),
(677, 25, 162, '2012-03-30 15:33:20', '0000-00-00 00:00:00'),
(678, 19, 162, '2012-03-30 15:33:33', '0000-00-00 00:00:00'),
(679, 27, 162, '2012-03-30 15:33:45', '0000-00-00 00:00:00'),
(680, 36, 162, '2012-03-30 15:33:56', '0000-00-00 00:00:00'),
(681, 18, 163, '2012-03-30 15:36:28', '0000-00-00 00:00:00'),
(682, 69, 163, '2012-03-30 15:36:40', '0000-00-00 00:00:00'),
(683, 27, 163, '2012-03-30 15:36:53', '0000-00-00 00:00:00'),
(684, 45, 163, '2012-03-30 15:37:04', '2012-03-30 15:37:27'),
(685, 28, 163, '2012-03-30 15:37:57', '0000-00-00 00:00:00'),
(686, 68, 164, '2012-03-30 15:43:37', '0000-00-00 00:00:00'),
(687, 16, 164, '2012-03-30 15:43:46', '0000-00-00 00:00:00'),
(688, 47, 164, '2012-03-30 15:44:01', '0000-00-00 00:00:00'),
(689, 60, 164, '2012-03-30 15:44:11', '0000-00-00 00:00:00'),
(690, 87, 164, '2012-03-30 15:44:25', '0000-00-00 00:00:00'),
(691, 26, 165, '2012-03-30 15:46:33', '0000-00-00 00:00:00'),
(692, 22, 165, '2012-03-30 15:46:46', '0000-00-00 00:00:00'),
(693, 21, 165, '2012-03-30 15:46:53', '0000-00-00 00:00:00'),
(694, 23, 165, '2012-03-30 15:47:05', '0000-00-00 00:00:00'),
(695, 74, 165, '2012-03-30 15:47:14', '0000-00-00 00:00:00'),
(696, 60, 166, '2012-03-30 15:49:47', '0000-00-00 00:00:00'),
(697, 19, 166, '2012-03-30 15:49:55', '0000-00-00 00:00:00'),
(698, 21, 166, '2012-03-30 15:50:06', '0000-00-00 00:00:00'),
(699, 36, 166, '2012-03-30 15:50:16', '0000-00-00 00:00:00'),
(700, 23, 166, '2012-03-30 15:50:27', '0000-00-00 00:00:00'),
(701, 80, 167, '2012-03-30 15:54:04', '0000-00-00 00:00:00'),
(702, 26, 167, '2012-03-30 15:54:14', '0000-00-00 00:00:00'),
(703, 68, 167, '2012-03-30 15:54:27', '0000-00-00 00:00:00'),
(704, 24, 167, '2012-03-30 15:54:37', '0000-00-00 00:00:00'),
(705, 28, 167, '2012-03-30 15:54:52', '0000-00-00 00:00:00'),
(706, 16, 168, '2012-03-30 16:00:46', '0000-00-00 00:00:00'),
(707, 29, 168, '2012-03-30 16:00:55', '0000-00-00 00:00:00'),
(708, 24, 168, '2012-03-30 16:01:05', '0000-00-00 00:00:00'),
(709, 77, 168, '2012-03-30 16:01:23', '0000-00-00 00:00:00'),
(710, 76, 168, '2012-03-30 16:01:38', '0000-00-00 00:00:00'),
(711, 80, 169, '2012-03-30 16:04:07', '0000-00-00 00:00:00'),
(712, 19, 169, '2012-03-30 16:04:28', '0000-00-00 00:00:00'),
(713, 36, 169, '2012-03-30 16:04:43', '0000-00-00 00:00:00'),
(714, 76, 169, '2012-03-30 16:04:57', '0000-00-00 00:00:00'),
(715, 20, 169, '2012-03-30 16:05:13', '0000-00-00 00:00:00'),
(716, 84, 170, '2012-03-30 16:07:33', '0000-00-00 00:00:00'),
(717, 76, 170, '2012-03-30 16:07:51', '0000-00-00 00:00:00'),
(718, 25, 170, '2012-03-30 16:08:04', '0000-00-00 00:00:00'),
(719, 77, 170, '2012-03-30 16:08:19', '0000-00-00 00:00:00'),
(720, 24, 170, '2012-03-30 16:08:27', '0000-00-00 00:00:00'),
(721, 29, 171, '2012-03-30 16:14:42', '0000-00-00 00:00:00'),
(722, 60, 171, '2012-03-30 16:14:57', '0000-00-00 00:00:00'),
(723, 76, 171, '2012-03-30 16:15:10', '0000-00-00 00:00:00'),
(724, 26, 171, '2012-03-30 16:16:01', '0000-00-00 00:00:00'),
(725, 19, 171, '2012-03-30 16:16:18', '0000-00-00 00:00:00'),
(726, 21, 172, '2012-03-30 16:18:42', '0000-00-00 00:00:00'),
(727, 17, 172, '2012-03-30 16:18:50', '0000-00-00 00:00:00'),
(728, 52, 172, '2012-03-30 16:19:08', '0000-00-00 00:00:00'),
(729, 77, 172, '2012-03-30 16:19:19', '0000-00-00 00:00:00'),
(730, 27, 172, '2012-03-30 16:19:34', '0000-00-00 00:00:00'),
(731, 21, 173, '2012-03-30 16:23:21', '0000-00-00 00:00:00'),
(732, 52, 173, '2012-03-30 16:23:36', '0000-00-00 00:00:00'),
(733, 21, 174, '2012-03-30 16:26:57', '0000-00-00 00:00:00'),
(734, 27, 174, '2012-03-30 16:27:06', '0000-00-00 00:00:00'),
(735, 16, 174, '2012-03-30 16:27:17', '0000-00-00 00:00:00'),
(736, 84, 174, '2012-03-30 16:27:28', '0000-00-00 00:00:00'),
(737, 23, 174, '2012-03-30 16:27:41', '0000-00-00 00:00:00'),
(738, 16, 175, '2012-03-30 16:30:11', '0000-00-00 00:00:00'),
(739, 21, 175, '2012-03-30 16:30:20', '0000-00-00 00:00:00'),
(740, 27, 175, '2012-03-30 16:30:29', '0000-00-00 00:00:00'),
(741, 77, 175, '2012-03-30 16:30:42', '0000-00-00 00:00:00'),
(742, 65, 175, '2012-03-30 16:30:59', '0000-00-00 00:00:00'),
(743, 29, 176, '2012-03-30 16:34:49', '0000-00-00 00:00:00'),
(744, 21, 176, '2012-03-30 16:35:00', '0000-00-00 00:00:00'),
(745, 65, 176, '2012-03-30 16:35:15', '0000-00-00 00:00:00'),
(746, 20, 176, '2012-03-30 16:35:28', '0000-00-00 00:00:00'),
(747, 60, 176, '2012-03-30 16:35:39', '0000-00-00 00:00:00'),
(748, 18, 177, '2012-03-30 16:39:31', '0000-00-00 00:00:00'),
(749, 60, 177, '2012-03-30 16:39:41', '0000-00-00 00:00:00'),
(750, 19, 177, '2012-03-30 16:40:02', '0000-00-00 00:00:00'),
(751, 23, 177, '2012-03-30 16:40:17', '0000-00-00 00:00:00'),
(752, 21, 177, '2012-03-30 16:40:31', '0000-00-00 00:00:00'),
(753, 60, 178, '2012-03-30 16:49:19', '0000-00-00 00:00:00'),
(754, 19, 178, '2012-03-30 16:49:28', '0000-00-00 00:00:00'),
(755, 23, 178, '2012-03-30 16:49:43', '0000-00-00 00:00:00'),
(756, 26, 178, '2012-03-30 16:49:58', '0000-00-00 00:00:00'),
(757, 77, 178, '2012-03-30 16:50:29', '0000-00-00 00:00:00'),
(758, 16, 178, '2012-03-30 16:50:40', '0000-00-00 00:00:00'),
(759, 65, 179, '2012-03-30 16:54:21', '0000-00-00 00:00:00'),
(760, 20, 179, '2012-03-30 16:54:30', '0000-00-00 00:00:00'),
(761, 19, 179, '2012-03-30 16:54:42', '0000-00-00 00:00:00'),
(762, 36, 179, '2012-03-30 16:54:59', '0000-00-00 00:00:00'),
(763, 77, 179, '2012-03-30 16:55:11', '0000-00-00 00:00:00'),
(764, 19, 180, '2012-03-30 17:28:29', '0000-00-00 00:00:00'),
(765, 25, 180, '2012-03-30 17:28:47', '0000-00-00 00:00:00'),
(766, 74, 180, '2012-03-30 17:29:07', '0000-00-00 00:00:00'),
(767, 16, 180, '2012-03-30 17:29:22', '0000-00-00 00:00:00'),
(768, 86, 180, '2012-03-30 17:29:43', '0000-00-00 00:00:00'),
(769, 60, 181, '2012-03-30 17:32:54', '0000-00-00 00:00:00'),
(770, 86, 181, '2012-03-30 17:33:09', '0000-00-00 00:00:00'),
(771, 18, 181, '2012-03-30 17:33:23', '0000-00-00 00:00:00'),
(772, 16, 181, '2012-03-30 17:33:35', '0000-00-00 00:00:00'),
(773, 17, 181, '2012-03-30 17:33:46', '0000-00-00 00:00:00'),
(774, 80, 182, '2012-03-30 17:37:18', '0000-00-00 00:00:00'),
(775, 21, 182, '2012-03-30 17:37:25', '0000-00-00 00:00:00'),
(776, 26, 182, '2012-03-30 17:37:36', '0000-00-00 00:00:00'),
(777, 65, 182, '2012-03-30 17:37:47', '0000-00-00 00:00:00'),
(778, 20, 182, '2012-03-30 17:37:55', '0000-00-00 00:00:00'),
(779, 85, 183, '2012-03-30 22:37:21', '0000-00-00 00:00:00'),
(780, 19, 183, '2012-03-30 22:37:53', '0000-00-00 00:00:00'),
(781, 21, 183, '2012-03-30 22:38:02', '0000-00-00 00:00:00'),
(782, 30, 183, '2012-03-30 22:38:17', '0000-00-00 00:00:00'),
(783, 34, 183, '2012-03-30 22:38:27', '0000-00-00 00:00:00'),
(784, 19, 184, '2012-03-30 22:41:57', '0000-00-00 00:00:00'),
(785, 74, 184, '2012-03-30 22:42:13', '0000-00-00 00:00:00'),
(786, 20, 184, '2012-03-30 22:42:25', '0000-00-00 00:00:00'),
(787, 47, 184, '2012-03-30 22:42:36', '0000-00-00 00:00:00'),
(788, 26, 184, '2012-03-30 22:42:48', '0000-00-00 00:00:00'),
(789, 47, 185, '2012-03-30 22:45:43', '0000-00-00 00:00:00'),
(790, 20, 185, '2012-03-30 22:45:55', '0000-00-00 00:00:00'),
(791, 77, 185, '2012-03-30 22:47:42', '0000-00-00 00:00:00'),
(792, 21, 185, '2012-03-30 22:47:52', '0000-00-00 00:00:00'),
(793, 24, 185, '2012-03-30 22:48:16', '0000-00-00 00:00:00'),
(794, 20, 186, '2012-03-30 22:52:25', '0000-00-00 00:00:00'),
(795, 80, 186, '2012-03-30 22:52:42', '0000-00-00 00:00:00'),
(796, 36, 186, '2012-03-30 22:52:59', '0000-00-00 00:00:00'),
(797, 19, 186, '2012-03-30 22:53:21', '0000-00-00 00:00:00'),
(798, 77, 186, '2012-03-30 22:53:38', '0000-00-00 00:00:00'),
(799, 19, 187, '2012-03-30 22:59:49', '0000-00-00 00:00:00'),
(800, 60, 187, '2012-03-30 22:59:58', '0000-00-00 00:00:00'),
(801, 36, 187, '2012-03-30 23:00:17', '0000-00-00 00:00:00'),
(802, 20, 187, '2012-03-30 23:00:33', '0000-00-00 00:00:00'),
(803, 23, 187, '2012-03-30 23:00:49', '0000-00-00 00:00:00'),
(804, 36, 188, '2012-03-30 23:02:50', '0000-00-00 00:00:00'),
(805, 19, 188, '2012-03-30 23:03:00', '0000-00-00 00:00:00'),
(806, 60, 188, '2012-03-30 23:03:12', '0000-00-00 00:00:00'),
(807, 47, 188, '2012-03-30 23:03:36', '0000-00-00 00:00:00'),
(808, 74, 188, '2012-03-30 23:03:54', '0000-00-00 00:00:00'),
(809, 21, 189, '2012-03-30 23:09:26', '0000-00-00 00:00:00'),
(810, 76, 189, '2012-03-30 23:09:39', '0000-00-00 00:00:00'),
(811, 80, 189, '2012-03-30 23:10:29', '0000-00-00 00:00:00'),
(812, 36, 189, '2012-03-30 23:10:37', '0000-00-00 00:00:00'),
(813, 19, 189, '2012-03-30 23:10:53', '0000-00-00 00:00:00'),
(814, 20, 190, '2012-03-30 23:12:42', '0000-00-00 00:00:00'),
(815, 47, 190, '2012-03-30 23:12:53', '0000-00-00 00:00:00'),
(816, 19, 190, '2012-03-30 23:13:02', '0000-00-00 00:00:00'),
(817, 16, 190, '2012-03-30 23:13:21', '0000-00-00 00:00:00'),
(818, 27, 190, '2012-03-30 23:13:31', '0000-00-00 00:00:00'),
(819, 80, 191, '2012-03-30 23:17:25', '0000-00-00 00:00:00'),
(820, 76, 191, '2012-03-30 23:17:35', '0000-00-00 00:00:00'),
(821, 20, 191, '2012-03-30 23:17:53', '0000-00-00 00:00:00'),
(822, 68, 191, '2012-03-30 23:18:03', '0000-00-00 00:00:00'),
(823, 86, 191, '2012-03-30 23:18:19', '0000-00-00 00:00:00'),
(824, 21, 192, '2012-03-30 23:20:28', '0000-00-00 00:00:00'),
(825, 36, 192, '2012-03-30 23:20:37', '0000-00-00 00:00:00'),
(826, 77, 192, '2012-03-30 23:20:50', '0000-00-00 00:00:00'),
(827, 24, 192, '2012-03-30 23:21:01', '0000-00-00 00:00:00'),
(828, 26, 192, '2012-03-30 23:21:10', '0000-00-00 00:00:00'),
(829, 36, 193, '2012-03-30 23:23:36', '0000-00-00 00:00:00'),
(830, 19, 193, '2012-03-30 23:23:54', '0000-00-00 00:00:00'),
(831, 76, 193, '2012-03-30 23:24:22', '0000-00-00 00:00:00'),
(832, 77, 193, '2012-03-30 23:24:35', '0000-00-00 00:00:00'),
(833, 20, 193, '2012-03-30 23:24:43', '0000-00-00 00:00:00'),
(834, 21, 194, '2012-03-30 23:34:17', '0000-00-00 00:00:00'),
(835, 80, 194, '2012-03-30 23:34:28', '0000-00-00 00:00:00'),
(836, 19, 194, '2012-03-30 23:34:43', '0000-00-00 00:00:00'),
(837, 36, 194, '2012-03-30 23:34:56', '0000-00-00 00:00:00'),
(838, 16, 194, '2012-03-30 23:35:04', '0000-00-00 00:00:00'),
(839, 21, 195, '2012-03-30 23:41:55', '0000-00-00 00:00:00'),
(840, 24, 195, '2012-03-30 23:42:09', '0000-00-00 00:00:00'),
(841, 19, 195, '2012-03-30 23:42:18', '0000-00-00 00:00:00'),
(842, 18, 195, '2012-03-30 23:42:31', '0000-00-00 00:00:00'),
(843, 45, 195, '2012-03-30 23:42:40', '0000-00-00 00:00:00'),
(844, 29, 196, '2012-03-31 16:56:17', '0000-00-00 00:00:00'),
(845, 76, 196, '2012-03-31 16:56:34', '0000-00-00 00:00:00'),
(846, 19, 196, '2012-03-31 16:56:50', '0000-00-00 00:00:00'),
(847, 20, 196, '2012-03-31 16:57:02', '0000-00-00 00:00:00'),
(848, 17, 196, '2012-03-31 16:57:11', '0000-00-00 00:00:00'),
(849, 76, 197, '2012-03-31 17:01:18', '0000-00-00 00:00:00'),
(850, 69, 197, '2012-03-31 17:01:32', '0000-00-00 00:00:00'),
(851, 77, 197, '2012-03-31 17:01:48', '0000-00-00 00:00:00'),
(852, 22, 197, '2012-03-31 17:02:06', '0000-00-00 00:00:00'),
(853, 86, 197, '2012-03-31 17:02:22', '0000-00-00 00:00:00'),
(854, 86, 197, '2012-03-31 17:02:22', '0000-00-00 00:00:00');
INSERT INTO `hospital_departments` (`id`, `depart_id`, `hospital_id`, `created_at`, `updated_at`) VALUES
(855, 80, 198, '2012-03-31 17:04:52', '0000-00-00 00:00:00'),
(856, 36, 198, '2012-03-31 17:05:04', '0000-00-00 00:00:00'),
(857, 20, 198, '2012-03-31 17:05:22', '0000-00-00 00:00:00'),
(858, 74, 198, '2012-03-31 17:05:39', '0000-00-00 00:00:00'),
(859, 52, 198, '2012-03-31 17:05:54', '0000-00-00 00:00:00'),
(860, 76, 199, '2012-03-31 17:10:05', '0000-00-00 00:00:00'),
(861, 19, 199, '2012-03-31 17:10:19', '0000-00-00 00:00:00'),
(862, 77, 199, '2012-03-31 17:10:34', '0000-00-00 00:00:00'),
(863, 17, 199, '2012-03-31 17:10:43', '0000-00-00 00:00:00'),
(864, 22, 199, '2012-03-31 17:11:00', '0000-00-00 00:00:00'),
(865, 21, 200, '2012-03-31 17:14:11', '0000-00-00 00:00:00'),
(866, 24, 200, '2012-03-31 17:14:20', '0000-00-00 00:00:00'),
(867, 60, 200, '2012-03-31 17:14:37', '0000-00-00 00:00:00'),
(868, 84, 200, '2012-03-31 17:15:01', '0000-00-00 00:00:00'),
(869, 44, 200, '2012-03-31 17:15:20', '0000-00-00 00:00:00'),
(870, 21, 201, '2012-03-31 22:00:22', '0000-00-00 00:00:00'),
(871, 24, 201, '2012-03-31 22:00:32', '0000-00-00 00:00:00'),
(872, 77, 201, '2012-03-31 22:00:43', '0000-00-00 00:00:00'),
(873, 20, 201, '2012-03-31 22:01:00', '0000-00-00 00:00:00'),
(874, 86, 201, '2012-03-31 22:01:23', '0000-00-00 00:00:00'),
(875, 26, 202, '2012-03-31 22:05:48', '0000-00-00 00:00:00'),
(876, 21, 202, '2012-03-31 22:05:57', '0000-00-00 00:00:00'),
(877, 19, 202, '2012-03-31 22:06:11', '0000-00-00 00:00:00'),
(878, 36, 202, '2012-03-31 22:06:20', '0000-00-00 00:00:00'),
(879, 80, 202, '2012-03-31 22:06:39', '0000-00-00 00:00:00'),
(880, 21, 203, '2012-03-31 22:10:00', '0000-00-00 00:00:00'),
(881, 36, 203, '2012-03-31 22:10:13', '0000-00-00 00:00:00'),
(882, 76, 203, '2012-03-31 22:10:30', '0000-00-00 00:00:00'),
(883, 25, 203, '2012-03-31 22:10:52', '0000-00-00 00:00:00'),
(884, 86, 203, '2012-03-31 22:11:04', '0000-00-00 00:00:00'),
(885, 21, 204, '2012-03-31 22:14:28', '0000-00-00 00:00:00'),
(886, 86, 204, '2012-03-31 22:14:38', '0000-00-00 00:00:00'),
(887, 24, 204, '2012-03-31 22:14:46', '0000-00-00 00:00:00'),
(888, 23, 204, '2012-03-31 22:15:03', '0000-00-00 00:00:00'),
(889, 16, 204, '2012-03-31 22:15:15', '0000-00-00 00:00:00'),
(890, 80, 205, '2012-03-31 22:23:05', '0000-00-00 00:00:00'),
(891, 26, 205, '2012-03-31 22:23:16', '0000-00-00 00:00:00'),
(892, 21, 205, '2012-03-31 22:23:30', '0000-00-00 00:00:00'),
(893, 36, 205, '2012-03-31 22:23:39', '0000-00-00 00:00:00'),
(894, 77, 205, '2012-03-31 22:23:50', '0000-00-00 00:00:00'),
(895, 80, 206, '2012-03-31 22:26:25', '0000-00-00 00:00:00'),
(896, 36, 206, '2012-03-31 22:26:34', '0000-00-00 00:00:00'),
(897, 86, 206, '2012-03-31 22:26:52', '0000-00-00 00:00:00'),
(898, 77, 206, '2012-03-31 22:27:03', '0000-00-00 00:00:00'),
(899, 16, 206, '2012-03-31 22:27:11', '0000-00-00 00:00:00'),
(900, 80, 207, '2012-03-31 22:29:30', '0000-00-00 00:00:00'),
(901, 19, 207, '2012-03-31 22:29:42', '0000-00-00 00:00:00'),
(902, 24, 207, '2012-03-31 22:29:49', '0000-00-00 00:00:00'),
(903, 86, 207, '2012-03-31 22:30:03', '0000-00-00 00:00:00'),
(904, 77, 207, '2012-03-31 22:30:12', '0000-00-00 00:00:00'),
(905, 21, 208, '2012-03-31 22:36:28', '0000-00-00 00:00:00'),
(906, 36, 208, '2012-03-31 22:36:41', '0000-00-00 00:00:00'),
(907, 76, 208, '2012-03-31 22:36:51', '0000-00-00 00:00:00'),
(908, 86, 208, '2012-03-31 22:37:05', '0000-00-00 00:00:00'),
(909, 52, 208, '2012-03-31 22:37:17', '0000-00-00 00:00:00'),
(910, 19, 209, '2012-03-31 22:39:54', '0000-00-00 00:00:00'),
(911, 18, 209, '2012-03-31 22:40:03', '0000-00-00 00:00:00'),
(912, 76, 209, '2012-03-31 22:40:16', '0000-00-00 00:00:00'),
(913, 20, 209, '2012-03-31 22:40:25', '0000-00-00 00:00:00'),
(914, 36, 209, '2012-03-31 22:40:36', '0000-00-00 00:00:00'),
(915, 16, 210, '2012-03-31 22:42:59', '0000-00-00 00:00:00'),
(916, 66, 210, '2012-03-31 22:43:12', '0000-00-00 00:00:00'),
(917, 27, 210, '2012-03-31 22:43:23', '0000-00-00 00:00:00'),
(918, 77, 210, '2012-03-31 22:43:41', '0000-00-00 00:00:00'),
(919, 21, 210, '2012-03-31 22:43:48', '2012-03-31 22:44:16'),
(920, 76, 211, '2012-03-31 22:47:54', '0000-00-00 00:00:00'),
(921, 36, 211, '2012-03-31 22:48:03', '0000-00-00 00:00:00'),
(922, 19, 211, '2012-03-31 22:48:18', '0000-00-00 00:00:00'),
(923, 22, 211, '2012-03-31 22:48:29', '0000-00-00 00:00:00'),
(924, 86, 211, '2012-03-31 22:48:39', '0000-00-00 00:00:00'),
(925, 26, 212, '2012-03-31 22:50:12', '0000-00-00 00:00:00'),
(926, 36, 212, '2012-03-31 22:50:23', '0000-00-00 00:00:00'),
(927, 19, 212, '2012-03-31 22:50:35', '0000-00-00 00:00:00'),
(928, 74, 212, '2012-03-31 22:50:47', '0000-00-00 00:00:00'),
(929, 86, 212, '2012-03-31 22:51:02', '0000-00-00 00:00:00'),
(930, 80, 213, '2012-03-31 22:52:38', '0000-00-00 00:00:00'),
(931, 47, 213, '2012-03-31 22:52:49', '0000-00-00 00:00:00'),
(932, 24, 213, '2012-03-31 22:53:06', '0000-00-00 00:00:00'),
(933, 22, 213, '2012-03-31 22:53:25', '0000-00-00 00:00:00'),
(934, 52, 213, '2012-03-31 22:53:39', '0000-00-00 00:00:00'),
(935, 88, 214, '2012-04-01 21:42:45', '0000-00-00 00:00:00'),
(936, 49, 214, '2012-04-01 21:43:18', '0000-00-00 00:00:00'),
(937, 73, 214, '2012-04-01 21:43:33', '0000-00-00 00:00:00'),
(938, 16, 214, '2012-04-01 21:43:41', '0000-00-00 00:00:00'),
(939, 89, 215, '2012-04-01 21:46:02', '0000-00-00 00:00:00'),
(940, 46, 215, '2012-04-01 21:46:19', '0000-00-00 00:00:00'),
(941, 73, 215, '2012-04-01 21:46:29', '0000-00-00 00:00:00'),
(942, 48, 215, '2012-04-01 21:46:43', '0000-00-00 00:00:00'),
(943, 34, 216, '2012-04-01 21:49:53', '0000-00-00 00:00:00'),
(944, 68, 216, '2012-04-01 21:50:02', '0000-00-00 00:00:00'),
(945, 24, 216, '2012-04-01 21:50:14', '0000-00-00 00:00:00'),
(946, 84, 216, '2012-04-01 21:50:22', '0000-00-00 00:00:00'),
(947, 30, 216, '2012-04-01 21:50:30', '0000-00-00 00:00:00'),
(948, 25, 217, '2012-04-01 21:52:05', '0000-00-00 00:00:00'),
(949, 52, 217, '2012-04-01 21:52:25', '0000-00-00 00:00:00'),
(950, 19, 217, '2012-04-01 21:52:38', '0000-00-00 00:00:00'),
(951, 30, 217, '2012-04-01 21:52:50', '0000-00-00 00:00:00'),
(952, 80, 217, '2012-04-01 21:53:04', '0000-00-00 00:00:00'),
(953, 16, 218, '2012-04-01 21:54:48', '0000-00-00 00:00:00'),
(954, 86, 218, '2012-04-01 21:54:59', '0000-00-00 00:00:00'),
(955, 23, 218, '2012-04-01 21:55:15', '0000-00-00 00:00:00'),
(956, 21, 218, '2012-04-01 21:55:27', '0000-00-00 00:00:00'),
(957, 27, 218, '2012-04-01 21:55:37', '0000-00-00 00:00:00'),
(958, 60, 219, '2012-04-01 21:58:24', '0000-00-00 00:00:00'),
(959, 26, 219, '2012-04-01 21:58:38', '0000-00-00 00:00:00'),
(960, 76, 219, '2012-04-01 21:58:52', '0000-00-00 00:00:00'),
(961, 74, 219, '2012-04-01 21:59:02', '0000-00-00 00:00:00'),
(962, 24, 219, '2012-04-01 21:59:13', '0000-00-00 00:00:00'),
(963, 80, 220, '2012-04-01 22:02:25', '0000-00-00 00:00:00'),
(964, 84, 220, '2012-04-01 22:02:37', '0000-00-00 00:00:00'),
(965, 20, 220, '2012-04-01 22:02:48', '0000-00-00 00:00:00'),
(966, 17, 220, '2012-04-01 22:03:01', '0000-00-00 00:00:00'),
(967, 16, 220, '2012-04-01 22:03:14', '0000-00-00 00:00:00'),
(968, 29, 221, '2012-04-01 22:04:46', '0000-00-00 00:00:00'),
(969, 17, 221, '2012-04-01 22:04:54', '0000-00-00 00:00:00'),
(970, 20, 221, '2012-04-01 22:05:07', '0000-00-00 00:00:00'),
(971, 80, 221, '2012-04-01 22:05:16', '0000-00-00 00:00:00'),
(972, 84, 221, '2012-04-01 22:05:28', '0000-00-00 00:00:00'),
(973, 30, 222, '2012-04-01 22:07:55', '0000-00-00 00:00:00'),
(974, 88, 222, '2012-04-01 22:08:21', '0000-00-00 00:00:00'),
(975, 48, 222, '2012-04-01 22:08:42', '0000-00-00 00:00:00'),
(976, 16, 222, '2012-04-01 22:09:24', '0000-00-00 00:00:00'),
(977, 26, 223, '2012-04-01 23:04:21', '0000-00-00 00:00:00'),
(978, 36, 223, '2012-04-01 23:04:32', '0000-00-00 00:00:00'),
(979, 24, 223, '2012-04-01 23:04:45', '0000-00-00 00:00:00'),
(980, 76, 223, '2012-04-01 23:04:58', '0000-00-00 00:00:00'),
(981, 52, 223, '2012-04-01 23:05:13', '0000-00-00 00:00:00'),
(982, 21, 224, '2012-04-01 23:06:54', '0000-00-00 00:00:00'),
(983, 80, 224, '2012-04-01 23:07:02', '0000-00-00 00:00:00'),
(984, 18, 224, '2012-04-01 23:07:12', '0000-00-00 00:00:00'),
(985, 20, 224, '2012-04-01 23:07:22', '0000-00-00 00:00:00'),
(986, 86, 224, '2012-04-01 23:07:38', '0000-00-00 00:00:00'),
(987, 19, 225, '2012-04-01 23:09:25', '0000-00-00 00:00:00'),
(988, 26, 225, '2012-04-01 23:09:33', '0000-00-00 00:00:00'),
(989, 24, 225, '2012-04-01 23:09:45', '0000-00-00 00:00:00'),
(990, 36, 225, '2012-04-01 23:09:53', '0000-00-00 00:00:00'),
(991, 44, 225, '2012-04-01 23:10:07', '0000-00-00 00:00:00'),
(992, 19, 226, '2012-04-01 23:12:05', '0000-00-00 00:00:00'),
(993, 20, 226, '2012-04-01 23:12:13', '0000-00-00 00:00:00'),
(994, 77, 226, '2012-04-01 23:12:36', '0000-00-00 00:00:00'),
(995, 22, 226, '2012-04-01 23:12:45', '0000-00-00 00:00:00'),
(996, 52, 226, '2012-04-01 23:12:53', '0000-00-00 00:00:00'),
(997, 80, 227, '2012-04-01 23:14:45', '0000-00-00 00:00:00'),
(998, 36, 227, '2012-04-01 23:14:57', '0000-00-00 00:00:00'),
(999, 20, 227, '2012-04-01 23:15:12', '0000-00-00 00:00:00'),
(1000, 77, 227, '2012-04-01 23:15:26', '0000-00-00 00:00:00'),
(1001, 24, 227, '2012-04-01 23:15:34', '0000-00-00 00:00:00'),
(1002, 60, 228, '2012-04-01 23:17:28', '0000-00-00 00:00:00'),
(1003, 36, 228, '2012-04-01 23:17:41', '0000-00-00 00:00:00'),
(1004, 26, 228, '2012-04-01 23:17:49', '0000-00-00 00:00:00'),
(1005, 74, 228, '2012-04-01 23:18:03', '0000-00-00 00:00:00'),
(1006, 21, 228, '2012-04-01 23:18:13', '0000-00-00 00:00:00');

-- --------------------------------------------------------

--
-- Table structure for table `states`
--

CREATE TABLE `states` (
  `id` int(11) NOT NULL auto_increment,
  `name` varchar(20) NOT NULL,
  `created_at` timestamp NOT NULL default CURRENT_TIMESTAMP,
  `updated_at` datetime NOT NULL,
  PRIMARY KEY  (`id`)
) ENGINE=MyISAM  DEFAULT CHARSET=latin1 AUTO_INCREMENT=37 ;

--
-- Dumping data for table `states`
--

INSERT INTO `states` (`id`, `name`, `created_at`, `updated_at`) VALUES
(24, 'Haryana', '2012-03-14 22:57:41', '0000-00-00 00:00:00'),
(23, 'Tamil Nadu', '2012-03-14 22:57:19', '0000-00-00 00:00:00'),
(22, 'Punjab', '2012-03-14 22:56:07', '0000-00-00 00:00:00'),
(21, 'New Delhi', '2012-03-14 22:55:56', '0000-00-00 00:00:00'),
(25, 'Rajasthan', '2012-03-14 22:57:48', '0000-00-00 00:00:00'),
(26, 'Maharashtra', '2012-03-14 22:58:26', '0000-00-00 00:00:00'),
(27, 'Karnataka', '2012-03-15 17:02:31', '0000-00-00 00:00:00'),
(28, 'Uttar Pradesh', '2012-03-15 17:03:25', '0000-00-00 00:00:00'),
(29, 'Chhattisgarh', '2012-03-15 17:04:34', '0000-00-00 00:00:00'),
(30, 'West Bengal', '2012-03-15 17:05:46', '0000-00-00 00:00:00'),
(31, 'Gujarat', '2012-03-15 17:06:08', '0000-00-00 00:00:00'),
(32, 'Andhra Pradesh', '2012-03-15 17:06:54', '2012-03-15 17:08:37'),
(33, 'Kerala', '2012-03-16 16:52:34', '0000-00-00 00:00:00'),
(34, 'Orissa', '2012-03-29 21:22:19', '0000-00-00 00:00:00'),
(35, 'MadhyaPradesh', '2012-03-30 10:19:39', '0000-00-00 00:00:00'),
(36, 'Assam', '2012-03-30 10:36:01', '0000-00-00 00:00:00');
